Analysis & Synthesis report for systolic_array
Wed Dec 25 06:52:00 2024
Quartus Prime Version 23.1std.0 Build 991 11/28/2023 SC Lite Edition


---------------------
; Table of Contents ;
---------------------
  1. Legal Notice
  2. Analysis & Synthesis Summary
  3. Analysis & Synthesis Settings
  4. Parallel Compilation
  5. Analysis & Synthesis Source Files Read
  6. Analysis & Synthesis Resource Usage Summary
  7. Analysis & Synthesis Resource Utilization by Entity
  8. Analysis & Synthesis DSP Block Usage Summary
  9. General Register Statistics
 10. Multiplexer Restructuring Statistics (Restructuring Performed)
 11. Parameter Settings for User Entity Instance: Top-level Entity: |systolic_array
 12. Parameter Settings for User Entity Instance: processing_element:row_gen[0].col_gen[0].PE
 13. Parameter Settings for User Entity Instance: processing_element:row_gen[0].col_gen[0].PE|MAC:mac
 14. Parameter Settings for User Entity Instance: processing_element:row_gen[0].col_gen[0].PE|MAC:mac|qmult:mult
 15. Parameter Settings for User Entity Instance: processing_element:row_gen[0].col_gen[0].PE|MAC:mac|qadd:add
 16. Parameter Settings for User Entity Instance: processing_element:row_gen[0].col_gen[1].PE
 17. Parameter Settings for User Entity Instance: processing_element:row_gen[0].col_gen[1].PE|MAC:mac
 18. Parameter Settings for User Entity Instance: processing_element:row_gen[0].col_gen[1].PE|MAC:mac|qmult:mult
 19. Parameter Settings for User Entity Instance: processing_element:row_gen[0].col_gen[1].PE|MAC:mac|qadd:add
 20. Parameter Settings for User Entity Instance: processing_element:row_gen[0].col_gen[2].PE
 21. Parameter Settings for User Entity Instance: processing_element:row_gen[0].col_gen[2].PE|MAC:mac
 22. Parameter Settings for User Entity Instance: processing_element:row_gen[0].col_gen[2].PE|MAC:mac|qmult:mult
 23. Parameter Settings for User Entity Instance: processing_element:row_gen[0].col_gen[2].PE|MAC:mac|qadd:add
 24. Parameter Settings for User Entity Instance: processing_element:row_gen[0].col_gen[3].PE
 25. Parameter Settings for User Entity Instance: processing_element:row_gen[0].col_gen[3].PE|MAC:mac
 26. Parameter Settings for User Entity Instance: processing_element:row_gen[0].col_gen[3].PE|MAC:mac|qmult:mult
 27. Parameter Settings for User Entity Instance: processing_element:row_gen[0].col_gen[3].PE|MAC:mac|qadd:add
 28. Parameter Settings for User Entity Instance: processing_element:row_gen[0].col_gen[4].PE
 29. Parameter Settings for User Entity Instance: processing_element:row_gen[0].col_gen[4].PE|MAC:mac
 30. Parameter Settings for User Entity Instance: processing_element:row_gen[0].col_gen[4].PE|MAC:mac|qmult:mult
 31. Parameter Settings for User Entity Instance: processing_element:row_gen[0].col_gen[4].PE|MAC:mac|qadd:add
 32. Parameter Settings for User Entity Instance: processing_element:row_gen[0].col_gen[5].PE
 33. Parameter Settings for User Entity Instance: processing_element:row_gen[0].col_gen[5].PE|MAC:mac
 34. Parameter Settings for User Entity Instance: processing_element:row_gen[0].col_gen[5].PE|MAC:mac|qmult:mult
 35. Parameter Settings for User Entity Instance: processing_element:row_gen[0].col_gen[5].PE|MAC:mac|qadd:add
 36. Parameter Settings for User Entity Instance: processing_element:row_gen[1].col_gen[0].PE
 37. Parameter Settings for User Entity Instance: processing_element:row_gen[1].col_gen[0].PE|MAC:mac
 38. Parameter Settings for User Entity Instance: processing_element:row_gen[1].col_gen[0].PE|MAC:mac|qmult:mult
 39. Parameter Settings for User Entity Instance: processing_element:row_gen[1].col_gen[0].PE|MAC:mac|qadd:add
 40. Parameter Settings for User Entity Instance: processing_element:row_gen[1].col_gen[1].PE
 41. Parameter Settings for User Entity Instance: processing_element:row_gen[1].col_gen[1].PE|MAC:mac
 42. Parameter Settings for User Entity Instance: processing_element:row_gen[1].col_gen[1].PE|MAC:mac|qmult:mult
 43. Parameter Settings for User Entity Instance: processing_element:row_gen[1].col_gen[1].PE|MAC:mac|qadd:add
 44. Parameter Settings for User Entity Instance: processing_element:row_gen[1].col_gen[2].PE
 45. Parameter Settings for User Entity Instance: processing_element:row_gen[1].col_gen[2].PE|MAC:mac
 46. Parameter Settings for User Entity Instance: processing_element:row_gen[1].col_gen[2].PE|MAC:mac|qmult:mult
 47. Parameter Settings for User Entity Instance: processing_element:row_gen[1].col_gen[2].PE|MAC:mac|qadd:add
 48. Parameter Settings for User Entity Instance: processing_element:row_gen[1].col_gen[3].PE
 49. Parameter Settings for User Entity Instance: processing_element:row_gen[1].col_gen[3].PE|MAC:mac
 50. Parameter Settings for User Entity Instance: processing_element:row_gen[1].col_gen[3].PE|MAC:mac|qmult:mult
 51. Parameter Settings for User Entity Instance: processing_element:row_gen[1].col_gen[3].PE|MAC:mac|qadd:add
 52. Parameter Settings for User Entity Instance: processing_element:row_gen[1].col_gen[4].PE
 53. Parameter Settings for User Entity Instance: processing_element:row_gen[1].col_gen[4].PE|MAC:mac
 54. Parameter Settings for User Entity Instance: processing_element:row_gen[1].col_gen[4].PE|MAC:mac|qmult:mult
 55. Parameter Settings for User Entity Instance: processing_element:row_gen[1].col_gen[4].PE|MAC:mac|qadd:add
 56. Parameter Settings for User Entity Instance: processing_element:row_gen[1].col_gen[5].PE
 57. Parameter Settings for User Entity Instance: processing_element:row_gen[1].col_gen[5].PE|MAC:mac
 58. Parameter Settings for User Entity Instance: processing_element:row_gen[1].col_gen[5].PE|MAC:mac|qmult:mult
 59. Parameter Settings for User Entity Instance: processing_element:row_gen[1].col_gen[5].PE|MAC:mac|qadd:add
 60. Parameter Settings for User Entity Instance: processing_element:row_gen[2].col_gen[0].PE
 61. Parameter Settings for User Entity Instance: processing_element:row_gen[2].col_gen[0].PE|MAC:mac
 62. Parameter Settings for User Entity Instance: processing_element:row_gen[2].col_gen[0].PE|MAC:mac|qmult:mult
 63. Parameter Settings for User Entity Instance: processing_element:row_gen[2].col_gen[0].PE|MAC:mac|qadd:add
 64. Parameter Settings for User Entity Instance: processing_element:row_gen[2].col_gen[1].PE
 65. Parameter Settings for User Entity Instance: processing_element:row_gen[2].col_gen[1].PE|MAC:mac
 66. Parameter Settings for User Entity Instance: processing_element:row_gen[2].col_gen[1].PE|MAC:mac|qmult:mult
 67. Parameter Settings for User Entity Instance: processing_element:row_gen[2].col_gen[1].PE|MAC:mac|qadd:add
 68. Parameter Settings for User Entity Instance: processing_element:row_gen[2].col_gen[2].PE
 69. Parameter Settings for User Entity Instance: processing_element:row_gen[2].col_gen[2].PE|MAC:mac
 70. Parameter Settings for User Entity Instance: processing_element:row_gen[2].col_gen[2].PE|MAC:mac|qmult:mult
 71. Parameter Settings for User Entity Instance: processing_element:row_gen[2].col_gen[2].PE|MAC:mac|qadd:add
 72. Parameter Settings for User Entity Instance: processing_element:row_gen[2].col_gen[3].PE
 73. Parameter Settings for User Entity Instance: processing_element:row_gen[2].col_gen[3].PE|MAC:mac
 74. Parameter Settings for User Entity Instance: processing_element:row_gen[2].col_gen[3].PE|MAC:mac|qmult:mult
 75. Parameter Settings for User Entity Instance: processing_element:row_gen[2].col_gen[3].PE|MAC:mac|qadd:add
 76. Parameter Settings for User Entity Instance: processing_element:row_gen[2].col_gen[4].PE
 77. Parameter Settings for User Entity Instance: processing_element:row_gen[2].col_gen[4].PE|MAC:mac
 78. Parameter Settings for User Entity Instance: processing_element:row_gen[2].col_gen[4].PE|MAC:mac|qmult:mult
 79. Parameter Settings for User Entity Instance: processing_element:row_gen[2].col_gen[4].PE|MAC:mac|qadd:add
 80. Parameter Settings for User Entity Instance: processing_element:row_gen[2].col_gen[5].PE
 81. Parameter Settings for User Entity Instance: processing_element:row_gen[2].col_gen[5].PE|MAC:mac
 82. Parameter Settings for User Entity Instance: processing_element:row_gen[2].col_gen[5].PE|MAC:mac|qmult:mult
 83. Parameter Settings for User Entity Instance: processing_element:row_gen[2].col_gen[5].PE|MAC:mac|qadd:add
 84. Parameter Settings for User Entity Instance: processing_element:row_gen[3].col_gen[0].PE
 85. Parameter Settings for User Entity Instance: processing_element:row_gen[3].col_gen[0].PE|MAC:mac
 86. Parameter Settings for User Entity Instance: processing_element:row_gen[3].col_gen[0].PE|MAC:mac|qmult:mult
 87. Parameter Settings for User Entity Instance: processing_element:row_gen[3].col_gen[0].PE|MAC:mac|qadd:add
 88. Parameter Settings for User Entity Instance: processing_element:row_gen[3].col_gen[1].PE
 89. Parameter Settings for User Entity Instance: processing_element:row_gen[3].col_gen[1].PE|MAC:mac
 90. Parameter Settings for User Entity Instance: processing_element:row_gen[3].col_gen[1].PE|MAC:mac|qmult:mult
 91. Parameter Settings for User Entity Instance: processing_element:row_gen[3].col_gen[1].PE|MAC:mac|qadd:add
 92. Parameter Settings for User Entity Instance: processing_element:row_gen[3].col_gen[2].PE
 93. Parameter Settings for User Entity Instance: processing_element:row_gen[3].col_gen[2].PE|MAC:mac
 94. Parameter Settings for User Entity Instance: processing_element:row_gen[3].col_gen[2].PE|MAC:mac|qmult:mult
 95. Parameter Settings for User Entity Instance: processing_element:row_gen[3].col_gen[2].PE|MAC:mac|qadd:add
 96. Parameter Settings for User Entity Instance: processing_element:row_gen[3].col_gen[3].PE
 97. Parameter Settings for User Entity Instance: processing_element:row_gen[3].col_gen[3].PE|MAC:mac
 98. Parameter Settings for User Entity Instance: processing_element:row_gen[3].col_gen[3].PE|MAC:mac|qmult:mult
 99. Parameter Settings for User Entity Instance: processing_element:row_gen[3].col_gen[3].PE|MAC:mac|qadd:add
100. Parameter Settings for User Entity Instance: processing_element:row_gen[3].col_gen[4].PE
101. Parameter Settings for User Entity Instance: processing_element:row_gen[3].col_gen[4].PE|MAC:mac
102. Parameter Settings for User Entity Instance: processing_element:row_gen[3].col_gen[4].PE|MAC:mac|qmult:mult
103. Parameter Settings for User Entity Instance: processing_element:row_gen[3].col_gen[4].PE|MAC:mac|qadd:add
104. Parameter Settings for User Entity Instance: processing_element:row_gen[3].col_gen[5].PE
105. Parameter Settings for User Entity Instance: processing_element:row_gen[3].col_gen[5].PE|MAC:mac
106. Parameter Settings for User Entity Instance: processing_element:row_gen[3].col_gen[5].PE|MAC:mac|qmult:mult
107. Parameter Settings for User Entity Instance: processing_element:row_gen[3].col_gen[5].PE|MAC:mac|qadd:add
108. Parameter Settings for User Entity Instance: processing_element:row_gen[4].col_gen[0].PE
109. Parameter Settings for User Entity Instance: processing_element:row_gen[4].col_gen[0].PE|MAC:mac
110. Parameter Settings for User Entity Instance: processing_element:row_gen[4].col_gen[0].PE|MAC:mac|qmult:mult
111. Parameter Settings for User Entity Instance: processing_element:row_gen[4].col_gen[0].PE|MAC:mac|qadd:add
112. Parameter Settings for User Entity Instance: processing_element:row_gen[4].col_gen[1].PE
113. Parameter Settings for User Entity Instance: processing_element:row_gen[4].col_gen[1].PE|MAC:mac
114. Parameter Settings for User Entity Instance: processing_element:row_gen[4].col_gen[1].PE|MAC:mac|qmult:mult
115. Parameter Settings for User Entity Instance: processing_element:row_gen[4].col_gen[1].PE|MAC:mac|qadd:add
116. Parameter Settings for User Entity Instance: processing_element:row_gen[4].col_gen[2].PE
117. Parameter Settings for User Entity Instance: processing_element:row_gen[4].col_gen[2].PE|MAC:mac
118. Parameter Settings for User Entity Instance: processing_element:row_gen[4].col_gen[2].PE|MAC:mac|qmult:mult
119. Parameter Settings for User Entity Instance: processing_element:row_gen[4].col_gen[2].PE|MAC:mac|qadd:add
120. Parameter Settings for User Entity Instance: processing_element:row_gen[4].col_gen[3].PE
121. Parameter Settings for User Entity Instance: processing_element:row_gen[4].col_gen[3].PE|MAC:mac
122. Parameter Settings for User Entity Instance: processing_element:row_gen[4].col_gen[3].PE|MAC:mac|qmult:mult
123. Parameter Settings for User Entity Instance: processing_element:row_gen[4].col_gen[3].PE|MAC:mac|qadd:add
124. Parameter Settings for User Entity Instance: processing_element:row_gen[4].col_gen[4].PE
125. Parameter Settings for User Entity Instance: processing_element:row_gen[4].col_gen[4].PE|MAC:mac
126. Parameter Settings for User Entity Instance: processing_element:row_gen[4].col_gen[4].PE|MAC:mac|qmult:mult
127. Parameter Settings for User Entity Instance: processing_element:row_gen[4].col_gen[4].PE|MAC:mac|qadd:add
128. Parameter Settings for User Entity Instance: processing_element:row_gen[4].col_gen[5].PE
129. Parameter Settings for User Entity Instance: processing_element:row_gen[4].col_gen[5].PE|MAC:mac
130. Parameter Settings for User Entity Instance: processing_element:row_gen[4].col_gen[5].PE|MAC:mac|qmult:mult
131. Parameter Settings for User Entity Instance: processing_element:row_gen[4].col_gen[5].PE|MAC:mac|qadd:add
132. Parameter Settings for User Entity Instance: processing_element:row_gen[5].col_gen[0].PE
133. Parameter Settings for User Entity Instance: processing_element:row_gen[5].col_gen[0].PE|MAC:mac
134. Parameter Settings for User Entity Instance: processing_element:row_gen[5].col_gen[0].PE|MAC:mac|qmult:mult
135. Parameter Settings for User Entity Instance: processing_element:row_gen[5].col_gen[0].PE|MAC:mac|qadd:add
136. Parameter Settings for User Entity Instance: processing_element:row_gen[5].col_gen[1].PE
137. Parameter Settings for User Entity Instance: processing_element:row_gen[5].col_gen[1].PE|MAC:mac
138. Parameter Settings for User Entity Instance: processing_element:row_gen[5].col_gen[1].PE|MAC:mac|qmult:mult
139. Parameter Settings for User Entity Instance: processing_element:row_gen[5].col_gen[1].PE|MAC:mac|qadd:add
140. Parameter Settings for User Entity Instance: processing_element:row_gen[5].col_gen[2].PE
141. Parameter Settings for User Entity Instance: processing_element:row_gen[5].col_gen[2].PE|MAC:mac
142. Parameter Settings for User Entity Instance: processing_element:row_gen[5].col_gen[2].PE|MAC:mac|qmult:mult
143. Parameter Settings for User Entity Instance: processing_element:row_gen[5].col_gen[2].PE|MAC:mac|qadd:add
144. Parameter Settings for User Entity Instance: processing_element:row_gen[5].col_gen[3].PE
145. Parameter Settings for User Entity Instance: processing_element:row_gen[5].col_gen[3].PE|MAC:mac
146. Parameter Settings for User Entity Instance: processing_element:row_gen[5].col_gen[3].PE|MAC:mac|qmult:mult
147. Parameter Settings for User Entity Instance: processing_element:row_gen[5].col_gen[3].PE|MAC:mac|qadd:add
148. Parameter Settings for User Entity Instance: processing_element:row_gen[5].col_gen[4].PE
149. Parameter Settings for User Entity Instance: processing_element:row_gen[5].col_gen[4].PE|MAC:mac
150. Parameter Settings for User Entity Instance: processing_element:row_gen[5].col_gen[4].PE|MAC:mac|qmult:mult
151. Parameter Settings for User Entity Instance: processing_element:row_gen[5].col_gen[4].PE|MAC:mac|qadd:add
152. Parameter Settings for User Entity Instance: processing_element:row_gen[5].col_gen[5].PE
153. Parameter Settings for User Entity Instance: processing_element:row_gen[5].col_gen[5].PE|MAC:mac
154. Parameter Settings for User Entity Instance: processing_element:row_gen[5].col_gen[5].PE|MAC:mac|qmult:mult
155. Parameter Settings for User Entity Instance: processing_element:row_gen[5].col_gen[5].PE|MAC:mac|qadd:add
156. Port Connectivity Checks: "processing_element:row_gen[0].col_gen[0].PE|MAC:mac"
157. Post-Synthesis Netlist Statistics for Top Partition
158. Elapsed Time Per Partition
159. Analysis & Synthesis Messages



----------------
; Legal Notice ;
----------------
Copyright (C) 2023  Intel Corporation. All rights reserved.
Your use of Intel Corporation's design tools, logic functions 
and other software and tools, and any partner logic 
functions, and any output files from any of the foregoing 
(including device programming or simulation files), and any 
associated documentation or information are expressly subject 
to the terms and conditions of the Intel Program License 
Subscription Agreement, the Intel Quartus Prime License Agreement,
the Intel FPGA IP License Agreement, or other applicable license
agreement, including, without limitation, that your use is for
the sole purpose of programming logic devices manufactured by
Intel and sold by Intel or its authorized distributors.  Please
refer to the applicable agreement for further details, at
https://fpgasoftware.intel.com/eula.



+----------------------------------------------------------------------------------+
; Analysis & Synthesis Summary                                                     ;
+---------------------------------+------------------------------------------------+
; Analysis & Synthesis Status     ; Successful - Wed Dec 25 06:51:59 2024          ;
; Quartus Prime Version           ; 23.1std.0 Build 991 11/28/2023 SC Lite Edition ;
; Revision Name                   ; systolic_array                                 ;
; Top-level Entity Name           ; systolic_array                                 ;
; Family                          ; Cyclone V                                      ;
; Logic utilization (in ALMs)     ; N/A                                            ;
; Total registers                 ; 4416                                           ;
; Total pins                      ; 1,923                                          ;
; Total virtual pins              ; 0                                              ;
; Total block memory bits         ; 0                                              ;
; Total DSP Blocks                ; 108                                            ;
; Total HSSI RX PCSs              ; 0                                              ;
; Total HSSI PMA RX Deserializers ; 0                                              ;
; Total HSSI TX PCSs              ; 0                                              ;
; Total HSSI PMA TX Serializers   ; 0                                              ;
; Total PLLs                      ; 0                                              ;
; Total DLLs                      ; 0                                              ;
+---------------------------------+------------------------------------------------+


+---------------------------------------------------------------------------------------------------------------------------+
; Analysis & Synthesis Settings                                                                                             ;
+---------------------------------------------------------------------------------+--------------------+--------------------+
; Option                                                                          ; Setting            ; Default Value      ;
+---------------------------------------------------------------------------------+--------------------+--------------------+
; Device                                                                          ; 5CGXFC7C7F23C8     ;                    ;
; Top-level entity name                                                           ; systolic_array     ; systolic_array     ;
; Family name                                                                     ; Cyclone V          ; Cyclone V          ;
; Use smart compilation                                                           ; Off                ; Off                ;
; Enable parallel Assembler and Timing Analyzer during compilation                ; On                 ; On                 ;
; Enable compact report table                                                     ; Off                ; Off                ;
; Restructure Multiplexers                                                        ; Auto               ; Auto               ;
; MLAB Add Timing Constraints For Mixed-Port Feed-Through Mode Setting Don't Care ; Off                ; Off                ;
; Create Debugging Nodes for IP Cores                                             ; Off                ; Off                ;
; Preserve fewer node names                                                       ; On                 ; On                 ;
; Intel FPGA IP Evaluation Mode                                                   ; Enable             ; Enable             ;
; Verilog Version                                                                 ; Verilog_2001       ; Verilog_2001       ;
; VHDL Version                                                                    ; VHDL_1993          ; VHDL_1993          ;
; State Machine Processing                                                        ; Auto               ; Auto               ;
; Safe State Machine                                                              ; Off                ; Off                ;
; Extract Verilog State Machines                                                  ; On                 ; On                 ;
; Extract VHDL State Machines                                                     ; On                 ; On                 ;
; Ignore Verilog initial constructs                                               ; Off                ; Off                ;
; Iteration limit for constant Verilog loops                                      ; 5000               ; 5000               ;
; Iteration limit for non-constant Verilog loops                                  ; 250                ; 250                ;
; Add Pass-Through Logic to Inferred RAMs                                         ; On                 ; On                 ;
; Infer RAMs from Raw Logic                                                       ; On                 ; On                 ;
; Parallel Synthesis                                                              ; On                 ; On                 ;
; DSP Block Balancing                                                             ; Auto               ; Auto               ;
; NOT Gate Push-Back                                                              ; On                 ; On                 ;
; Power-Up Don't Care                                                             ; On                 ; On                 ;
; Remove Redundant Logic Cells                                                    ; Off                ; Off                ;
; Remove Duplicate Registers                                                      ; On                 ; On                 ;
; Ignore CARRY Buffers                                                            ; Off                ; Off                ;
; Ignore CASCADE Buffers                                                          ; Off                ; Off                ;
; Ignore GLOBAL Buffers                                                           ; Off                ; Off                ;
; Ignore ROW GLOBAL Buffers                                                       ; Off                ; Off                ;
; Ignore LCELL Buffers                                                            ; Off                ; Off                ;
; Ignore SOFT Buffers                                                             ; On                 ; On                 ;
; Limit AHDL Integers to 32 Bits                                                  ; Off                ; Off                ;
; Optimization Technique                                                          ; Balanced           ; Balanced           ;
; Carry Chain Length                                                              ; 70                 ; 70                 ;
; Auto Carry Chains                                                               ; On                 ; On                 ;
; Auto Open-Drain Pins                                                            ; On                 ; On                 ;
; Perform WYSIWYG Primitive Resynthesis                                           ; Off                ; Off                ;
; Auto ROM Replacement                                                            ; On                 ; On                 ;
; Auto RAM Replacement                                                            ; On                 ; On                 ;
; Auto DSP Block Replacement                                                      ; On                 ; On                 ;
; Auto Shift Register Replacement                                                 ; Auto               ; Auto               ;
; Allow Shift Register Merging across Hierarchies                                 ; Auto               ; Auto               ;
; Auto Clock Enable Replacement                                                   ; On                 ; On                 ;
; Strict RAM Replacement                                                          ; Off                ; Off                ;
; Allow Synchronous Control Signals                                               ; On                 ; On                 ;
; Force Use of Synchronous Clear Signals                                          ; Off                ; Off                ;
; Auto Resource Sharing                                                           ; Off                ; Off                ;
; Allow Any RAM Size For Recognition                                              ; Off                ; Off                ;
; Allow Any ROM Size For Recognition                                              ; Off                ; Off                ;
; Allow Any Shift Register Size For Recognition                                   ; Off                ; Off                ;
; Use LogicLock Constraints during Resource Balancing                             ; On                 ; On                 ;
; Ignore translate_off and synthesis_off directives                               ; Off                ; Off                ;
; Timing-Driven Synthesis                                                         ; On                 ; On                 ;
; Report Parameter Settings                                                       ; On                 ; On                 ;
; Report Source Assignments                                                       ; On                 ; On                 ;
; Report Connectivity Checks                                                      ; On                 ; On                 ;
; Ignore Maximum Fan-Out Assignments                                              ; Off                ; Off                ;
; Synchronization Register Chain Length                                           ; 3                  ; 3                  ;
; Power Optimization During Synthesis                                             ; Normal compilation ; Normal compilation ;
; HDL message level                                                               ; Level2             ; Level2             ;
; Suppress Register Optimization Related Messages                                 ; Off                ; Off                ;
; Number of Removed Registers Reported in Synthesis Report                        ; 5000               ; 5000               ;
; Number of Swept Nodes Reported in Synthesis Report                              ; 5000               ; 5000               ;
; Number of Inverted Registers Reported in Synthesis Report                       ; 100                ; 100                ;
; Clock MUX Protection                                                            ; On                 ; On                 ;
; Auto Gated Clock Conversion                                                     ; Off                ; Off                ;
; Block Design Naming                                                             ; Auto               ; Auto               ;
; SDC constraint protection                                                       ; Off                ; Off                ;
; Synthesis Effort                                                                ; Auto               ; Auto               ;
; Shift Register Replacement - Allow Asynchronous Clear Signal                    ; On                 ; On                 ;
; Pre-Mapping Resynthesis Optimization                                            ; Off                ; Off                ;
; Analysis & Synthesis Message Level                                              ; Medium             ; Medium             ;
; Disable Register Merging Across Hierarchies                                     ; Auto               ; Auto               ;
; Resource Aware Inference For Block RAM                                          ; On                 ; On                 ;
; Automatic Parallel Synthesis                                                    ; On                 ; On                 ;
; Partial Reconfiguration Bitstream ID                                            ; Off                ; Off                ;
+---------------------------------------------------------------------------------+--------------------+--------------------+


+------------------------------------------+
; Parallel Compilation                     ;
+----------------------------+-------------+
; Processors                 ; Number      ;
+----------------------------+-------------+
; Number detected on machine ; 16          ;
; Maximum allowed            ; 16          ;
;                            ;             ;
; Average used               ; 1.02        ;
; Maximum used               ; 16          ;
;                            ;             ;
; Usage by Processor         ; % Time Used ;
;     Processor 1            ; 100.0%      ;
;     Processor 2            ;   0.2%      ;
;     Processor 3            ;   0.2%      ;
;     Processor 4            ;   0.2%      ;
;     Processor 5            ;   0.2%      ;
;     Processor 6            ;   0.2%      ;
;     Processor 7            ;   0.2%      ;
;     Processor 8            ;   0.1%      ;
;     Processor 9            ;   0.1%      ;
;     Processor 10           ;   0.1%      ;
;     Processor 11           ;   0.1%      ;
;     Processor 12           ;   0.1%      ;
;     Processor 13           ;   0.1%      ;
;     Processor 14           ;   0.1%      ;
;     Processor 15           ;   0.1%      ;
;     Processor 16           ;   0.1%      ;
+----------------------------+-------------+


+-----------------------------------------------------------------------------------------------------------------------------------------------+
; Analysis & Synthesis Source Files Read                                                                                                        ;
+----------------------------------+-----------------+------------------------------+-------------------------------------------------+---------+
; File Name with User-Entered Path ; Used in Netlist ; File Type                    ; File Name with Absolute Path                    ; Library ;
+----------------------------------+-----------------+------------------------------+-------------------------------------------------+---------+
; systolic_array.sv                ; yes             ; User SystemVerilog HDL File  ; /home/aaditya/Desktop/TPU/systolic_array.sv     ;         ;
; qmult.v                          ; yes             ; User Verilog HDL File        ; /home/aaditya/Desktop/TPU/qmult.v               ;         ;
; qadd.v                           ; yes             ; User Verilog HDL File        ; /home/aaditya/Desktop/TPU/qadd.v                ;         ;
; processing_element.sv            ; yes             ; User SystemVerilog HDL File  ; /home/aaditya/Desktop/TPU/processing_element.sv ;         ;
; MAC.sv                           ; yes             ; User SystemVerilog HDL File  ; /home/aaditya/Desktop/TPU/MAC.sv                ;         ;
+----------------------------------+-----------------+------------------------------+-------------------------------------------------+---------+


+---------------------------------------------------------+
; Analysis & Synthesis Resource Usage Summary             ;
+---------------------------------------------+-----------+
; Resource                                    ; Usage     ;
+---------------------------------------------+-----------+
; Estimate of Logic utilization (ALMs needed) ; 4552      ;
;                                             ;           ;
; Combinational ALUT usage for logic          ; 7272      ;
;     -- 7 input functions                    ; 0         ;
;     -- 6 input functions                    ; 1116      ;
;     -- 5 input functions                    ; 36        ;
;     -- 4 input functions                    ; 360       ;
;     -- <=3 input functions                  ; 5760      ;
;                                             ;           ;
; Dedicated logic registers                   ; 4416      ;
;                                             ;           ;
; I/O pins                                    ; 1923      ;
;                                             ;           ;
; Total DSP Blocks                            ; 108       ;
;                                             ;           ;
; Maximum fan-out node                        ; clk~input ;
; Maximum fan-out                             ; 4416      ;
; Total fan-out                               ; 52587     ;
; Average fan-out                             ; 3.36      ;
+---------------------------------------------+-----------+


+--------------------------------------------------------------------------------------------------------------------------------------------------------------------------------------------------------------------------------------------------------------------------------+
; Analysis & Synthesis Resource Utilization by Entity                                                                                                                                                                                                                            ;
+--------------------------------------------------+---------------------+---------------------------+-------------------+------------+------+--------------+--------------------------------------------------------------------------------+--------------------+--------------+
; Compilation Hierarchy Node                       ; Combinational ALUTs ; Dedicated Logic Registers ; Block Memory Bits ; DSP Blocks ; Pins ; Virtual Pins ; Full Hierarchy Name                                                            ; Entity Name        ; Library Name ;
+--------------------------------------------------+---------------------+---------------------------+-------------------+------------+------+--------------+--------------------------------------------------------------------------------+--------------------+--------------+
; |systolic_array                                  ; 7272 (0)            ; 4416 (960)                ; 0                 ; 108        ; 1923 ; 0            ; |systolic_array                                                                ; systolic_array     ; work         ;
;    |processing_element:row_gen[0].col_gen[0].PE| ; 202 (0)             ; 96 (64)                   ; 0                 ; 3          ; 0    ; 0            ; |systolic_array|processing_element:row_gen[0].col_gen[0].PE                    ; processing_element ; work         ;
;       |MAC:mac|                                  ; 202 (1)             ; 32 (32)                   ; 0                 ; 3          ; 0    ; 0            ; |systolic_array|processing_element:row_gen[0].col_gen[0].PE|MAC:mac            ; MAC                ; work         ;
;          |qadd:add|                              ; 177 (177)           ; 0 (0)                     ; 0                 ; 0          ; 0    ; 0            ; |systolic_array|processing_element:row_gen[0].col_gen[0].PE|MAC:mac|qadd:add   ; qadd               ; work         ;
;          |qmult:mult|                            ; 24 (24)             ; 0 (0)                     ; 0                 ; 3          ; 0    ; 0            ; |systolic_array|processing_element:row_gen[0].col_gen[0].PE|MAC:mac|qmult:mult ; qmult              ; work         ;
;    |processing_element:row_gen[0].col_gen[1].PE| ; 202 (0)             ; 96 (64)                   ; 0                 ; 3          ; 0    ; 0            ; |systolic_array|processing_element:row_gen[0].col_gen[1].PE                    ; processing_element ; work         ;
;       |MAC:mac|                                  ; 202 (1)             ; 32 (32)                   ; 0                 ; 3          ; 0    ; 0            ; |systolic_array|processing_element:row_gen[0].col_gen[1].PE|MAC:mac            ; MAC                ; work         ;
;          |qadd:add|                              ; 177 (177)           ; 0 (0)                     ; 0                 ; 0          ; 0    ; 0            ; |systolic_array|processing_element:row_gen[0].col_gen[1].PE|MAC:mac|qadd:add   ; qadd               ; work         ;
;          |qmult:mult|                            ; 24 (24)             ; 0 (0)                     ; 0                 ; 3          ; 0    ; 0            ; |systolic_array|processing_element:row_gen[0].col_gen[1].PE|MAC:mac|qmult:mult ; qmult              ; work         ;
;    |processing_element:row_gen[0].col_gen[2].PE| ; 202 (0)             ; 96 (64)                   ; 0                 ; 3          ; 0    ; 0            ; |systolic_array|processing_element:row_gen[0].col_gen[2].PE                    ; processing_element ; work         ;
;       |MAC:mac|                                  ; 202 (1)             ; 32 (32)                   ; 0                 ; 3          ; 0    ; 0            ; |systolic_array|processing_element:row_gen[0].col_gen[2].PE|MAC:mac            ; MAC                ; work         ;
;          |qadd:add|                              ; 177 (177)           ; 0 (0)                     ; 0                 ; 0          ; 0    ; 0            ; |systolic_array|processing_element:row_gen[0].col_gen[2].PE|MAC:mac|qadd:add   ; qadd               ; work         ;
;          |qmult:mult|                            ; 24 (24)             ; 0 (0)                     ; 0                 ; 3          ; 0    ; 0            ; |systolic_array|processing_element:row_gen[0].col_gen[2].PE|MAC:mac|qmult:mult ; qmult              ; work         ;
;    |processing_element:row_gen[0].col_gen[3].PE| ; 202 (0)             ; 96 (64)                   ; 0                 ; 3          ; 0    ; 0            ; |systolic_array|processing_element:row_gen[0].col_gen[3].PE                    ; processing_element ; work         ;
;       |MAC:mac|                                  ; 202 (1)             ; 32 (32)                   ; 0                 ; 3          ; 0    ; 0            ; |systolic_array|processing_element:row_gen[0].col_gen[3].PE|MAC:mac            ; MAC                ; work         ;
;          |qadd:add|                              ; 177 (177)           ; 0 (0)                     ; 0                 ; 0          ; 0    ; 0            ; |systolic_array|processing_element:row_gen[0].col_gen[3].PE|MAC:mac|qadd:add   ; qadd               ; work         ;
;          |qmult:mult|                            ; 24 (24)             ; 0 (0)                     ; 0                 ; 3          ; 0    ; 0            ; |systolic_array|processing_element:row_gen[0].col_gen[3].PE|MAC:mac|qmult:mult ; qmult              ; work         ;
;    |processing_element:row_gen[0].col_gen[4].PE| ; 202 (0)             ; 96 (64)                   ; 0                 ; 3          ; 0    ; 0            ; |systolic_array|processing_element:row_gen[0].col_gen[4].PE                    ; processing_element ; work         ;
;       |MAC:mac|                                  ; 202 (1)             ; 32 (32)                   ; 0                 ; 3          ; 0    ; 0            ; |systolic_array|processing_element:row_gen[0].col_gen[4].PE|MAC:mac            ; MAC                ; work         ;
;          |qadd:add|                              ; 177 (177)           ; 0 (0)                     ; 0                 ; 0          ; 0    ; 0            ; |systolic_array|processing_element:row_gen[0].col_gen[4].PE|MAC:mac|qadd:add   ; qadd               ; work         ;
;          |qmult:mult|                            ; 24 (24)             ; 0 (0)                     ; 0                 ; 3          ; 0    ; 0            ; |systolic_array|processing_element:row_gen[0].col_gen[4].PE|MAC:mac|qmult:mult ; qmult              ; work         ;
;    |processing_element:row_gen[0].col_gen[5].PE| ; 202 (0)             ; 96 (64)                   ; 0                 ; 3          ; 0    ; 0            ; |systolic_array|processing_element:row_gen[0].col_gen[5].PE                    ; processing_element ; work         ;
;       |MAC:mac|                                  ; 202 (1)             ; 32 (32)                   ; 0                 ; 3          ; 0    ; 0            ; |systolic_array|processing_element:row_gen[0].col_gen[5].PE|MAC:mac            ; MAC                ; work         ;
;          |qadd:add|                              ; 177 (177)           ; 0 (0)                     ; 0                 ; 0          ; 0    ; 0            ; |systolic_array|processing_element:row_gen[0].col_gen[5].PE|MAC:mac|qadd:add   ; qadd               ; work         ;
;          |qmult:mult|                            ; 24 (24)             ; 0 (0)                     ; 0                 ; 3          ; 0    ; 0            ; |systolic_array|processing_element:row_gen[0].col_gen[5].PE|MAC:mac|qmult:mult ; qmult              ; work         ;
;    |processing_element:row_gen[1].col_gen[0].PE| ; 202 (0)             ; 96 (64)                   ; 0                 ; 3          ; 0    ; 0            ; |systolic_array|processing_element:row_gen[1].col_gen[0].PE                    ; processing_element ; work         ;
;       |MAC:mac|                                  ; 202 (1)             ; 32 (32)                   ; 0                 ; 3          ; 0    ; 0            ; |systolic_array|processing_element:row_gen[1].col_gen[0].PE|MAC:mac            ; MAC                ; work         ;
;          |qadd:add|                              ; 177 (177)           ; 0 (0)                     ; 0                 ; 0          ; 0    ; 0            ; |systolic_array|processing_element:row_gen[1].col_gen[0].PE|MAC:mac|qadd:add   ; qadd               ; work         ;
;          |qmult:mult|                            ; 24 (24)             ; 0 (0)                     ; 0                 ; 3          ; 0    ; 0            ; |systolic_array|processing_element:row_gen[1].col_gen[0].PE|MAC:mac|qmult:mult ; qmult              ; work         ;
;    |processing_element:row_gen[1].col_gen[1].PE| ; 202 (0)             ; 96 (64)                   ; 0                 ; 3          ; 0    ; 0            ; |systolic_array|processing_element:row_gen[1].col_gen[1].PE                    ; processing_element ; work         ;
;       |MAC:mac|                                  ; 202 (1)             ; 32 (32)                   ; 0                 ; 3          ; 0    ; 0            ; |systolic_array|processing_element:row_gen[1].col_gen[1].PE|MAC:mac            ; MAC                ; work         ;
;          |qadd:add|                              ; 177 (177)           ; 0 (0)                     ; 0                 ; 0          ; 0    ; 0            ; |systolic_array|processing_element:row_gen[1].col_gen[1].PE|MAC:mac|qadd:add   ; qadd               ; work         ;
;          |qmult:mult|                            ; 24 (24)             ; 0 (0)                     ; 0                 ; 3          ; 0    ; 0            ; |systolic_array|processing_element:row_gen[1].col_gen[1].PE|MAC:mac|qmult:mult ; qmult              ; work         ;
;    |processing_element:row_gen[1].col_gen[2].PE| ; 202 (0)             ; 96 (64)                   ; 0                 ; 3          ; 0    ; 0            ; |systolic_array|processing_element:row_gen[1].col_gen[2].PE                    ; processing_element ; work         ;
;       |MAC:mac|                                  ; 202 (1)             ; 32 (32)                   ; 0                 ; 3          ; 0    ; 0            ; |systolic_array|processing_element:row_gen[1].col_gen[2].PE|MAC:mac            ; MAC                ; work         ;
;          |qadd:add|                              ; 177 (177)           ; 0 (0)                     ; 0                 ; 0          ; 0    ; 0            ; |systolic_array|processing_element:row_gen[1].col_gen[2].PE|MAC:mac|qadd:add   ; qadd               ; work         ;
;          |qmult:mult|                            ; 24 (24)             ; 0 (0)                     ; 0                 ; 3          ; 0    ; 0            ; |systolic_array|processing_element:row_gen[1].col_gen[2].PE|MAC:mac|qmult:mult ; qmult              ; work         ;
;    |processing_element:row_gen[1].col_gen[3].PE| ; 202 (0)             ; 96 (64)                   ; 0                 ; 3          ; 0    ; 0            ; |systolic_array|processing_element:row_gen[1].col_gen[3].PE                    ; processing_element ; work         ;
;       |MAC:mac|                                  ; 202 (1)             ; 32 (32)                   ; 0                 ; 3          ; 0    ; 0            ; |systolic_array|processing_element:row_gen[1].col_gen[3].PE|MAC:mac            ; MAC                ; work         ;
;          |qadd:add|                              ; 177 (177)           ; 0 (0)                     ; 0                 ; 0          ; 0    ; 0            ; |systolic_array|processing_element:row_gen[1].col_gen[3].PE|MAC:mac|qadd:add   ; qadd               ; work         ;
;          |qmult:mult|                            ; 24 (24)             ; 0 (0)                     ; 0                 ; 3          ; 0    ; 0            ; |systolic_array|processing_element:row_gen[1].col_gen[3].PE|MAC:mac|qmult:mult ; qmult              ; work         ;
;    |processing_element:row_gen[1].col_gen[4].PE| ; 202 (0)             ; 96 (64)                   ; 0                 ; 3          ; 0    ; 0            ; |systolic_array|processing_element:row_gen[1].col_gen[4].PE                    ; processing_element ; work         ;
;       |MAC:mac|                                  ; 202 (1)             ; 32 (32)                   ; 0                 ; 3          ; 0    ; 0            ; |systolic_array|processing_element:row_gen[1].col_gen[4].PE|MAC:mac            ; MAC                ; work         ;
;          |qadd:add|                              ; 177 (177)           ; 0 (0)                     ; 0                 ; 0          ; 0    ; 0            ; |systolic_array|processing_element:row_gen[1].col_gen[4].PE|MAC:mac|qadd:add   ; qadd               ; work         ;
;          |qmult:mult|                            ; 24 (24)             ; 0 (0)                     ; 0                 ; 3          ; 0    ; 0            ; |systolic_array|processing_element:row_gen[1].col_gen[4].PE|MAC:mac|qmult:mult ; qmult              ; work         ;
;    |processing_element:row_gen[1].col_gen[5].PE| ; 202 (0)             ; 96 (64)                   ; 0                 ; 3          ; 0    ; 0            ; |systolic_array|processing_element:row_gen[1].col_gen[5].PE                    ; processing_element ; work         ;
;       |MAC:mac|                                  ; 202 (1)             ; 32 (32)                   ; 0                 ; 3          ; 0    ; 0            ; |systolic_array|processing_element:row_gen[1].col_gen[5].PE|MAC:mac            ; MAC                ; work         ;
;          |qadd:add|                              ; 177 (177)           ; 0 (0)                     ; 0                 ; 0          ; 0    ; 0            ; |systolic_array|processing_element:row_gen[1].col_gen[5].PE|MAC:mac|qadd:add   ; qadd               ; work         ;
;          |qmult:mult|                            ; 24 (24)             ; 0 (0)                     ; 0                 ; 3          ; 0    ; 0            ; |systolic_array|processing_element:row_gen[1].col_gen[5].PE|MAC:mac|qmult:mult ; qmult              ; work         ;
;    |processing_element:row_gen[2].col_gen[0].PE| ; 202 (0)             ; 96 (64)                   ; 0                 ; 3          ; 0    ; 0            ; |systolic_array|processing_element:row_gen[2].col_gen[0].PE                    ; processing_element ; work         ;
;       |MAC:mac|                                  ; 202 (1)             ; 32 (32)                   ; 0                 ; 3          ; 0    ; 0            ; |systolic_array|processing_element:row_gen[2].col_gen[0].PE|MAC:mac            ; MAC                ; work         ;
;          |qadd:add|                              ; 177 (177)           ; 0 (0)                     ; 0                 ; 0          ; 0    ; 0            ; |systolic_array|processing_element:row_gen[2].col_gen[0].PE|MAC:mac|qadd:add   ; qadd               ; work         ;
;          |qmult:mult|                            ; 24 (24)             ; 0 (0)                     ; 0                 ; 3          ; 0    ; 0            ; |systolic_array|processing_element:row_gen[2].col_gen[0].PE|MAC:mac|qmult:mult ; qmult              ; work         ;
;    |processing_element:row_gen[2].col_gen[1].PE| ; 202 (0)             ; 96 (64)                   ; 0                 ; 3          ; 0    ; 0            ; |systolic_array|processing_element:row_gen[2].col_gen[1].PE                    ; processing_element ; work         ;
;       |MAC:mac|                                  ; 202 (1)             ; 32 (32)                   ; 0                 ; 3          ; 0    ; 0            ; |systolic_array|processing_element:row_gen[2].col_gen[1].PE|MAC:mac            ; MAC                ; work         ;
;          |qadd:add|                              ; 177 (177)           ; 0 (0)                     ; 0                 ; 0          ; 0    ; 0            ; |systolic_array|processing_element:row_gen[2].col_gen[1].PE|MAC:mac|qadd:add   ; qadd               ; work         ;
;          |qmult:mult|                            ; 24 (24)             ; 0 (0)                     ; 0                 ; 3          ; 0    ; 0            ; |systolic_array|processing_element:row_gen[2].col_gen[1].PE|MAC:mac|qmult:mult ; qmult              ; work         ;
;    |processing_element:row_gen[2].col_gen[2].PE| ; 202 (0)             ; 96 (64)                   ; 0                 ; 3          ; 0    ; 0            ; |systolic_array|processing_element:row_gen[2].col_gen[2].PE                    ; processing_element ; work         ;
;       |MAC:mac|                                  ; 202 (1)             ; 32 (32)                   ; 0                 ; 3          ; 0    ; 0            ; |systolic_array|processing_element:row_gen[2].col_gen[2].PE|MAC:mac            ; MAC                ; work         ;
;          |qadd:add|                              ; 177 (177)           ; 0 (0)                     ; 0                 ; 0          ; 0    ; 0            ; |systolic_array|processing_element:row_gen[2].col_gen[2].PE|MAC:mac|qadd:add   ; qadd               ; work         ;
;          |qmult:mult|                            ; 24 (24)             ; 0 (0)                     ; 0                 ; 3          ; 0    ; 0            ; |systolic_array|processing_element:row_gen[2].col_gen[2].PE|MAC:mac|qmult:mult ; qmult              ; work         ;
;    |processing_element:row_gen[2].col_gen[3].PE| ; 202 (0)             ; 96 (64)                   ; 0                 ; 3          ; 0    ; 0            ; |systolic_array|processing_element:row_gen[2].col_gen[3].PE                    ; processing_element ; work         ;
;       |MAC:mac|                                  ; 202 (1)             ; 32 (32)                   ; 0                 ; 3          ; 0    ; 0            ; |systolic_array|processing_element:row_gen[2].col_gen[3].PE|MAC:mac            ; MAC                ; work         ;
;          |qadd:add|                              ; 177 (177)           ; 0 (0)                     ; 0                 ; 0          ; 0    ; 0            ; |systolic_array|processing_element:row_gen[2].col_gen[3].PE|MAC:mac|qadd:add   ; qadd               ; work         ;
;          |qmult:mult|                            ; 24 (24)             ; 0 (0)                     ; 0                 ; 3          ; 0    ; 0            ; |systolic_array|processing_element:row_gen[2].col_gen[3].PE|MAC:mac|qmult:mult ; qmult              ; work         ;
;    |processing_element:row_gen[2].col_gen[4].PE| ; 202 (0)             ; 96 (64)                   ; 0                 ; 3          ; 0    ; 0            ; |systolic_array|processing_element:row_gen[2].col_gen[4].PE                    ; processing_element ; work         ;
;       |MAC:mac|                                  ; 202 (1)             ; 32 (32)                   ; 0                 ; 3          ; 0    ; 0            ; |systolic_array|processing_element:row_gen[2].col_gen[4].PE|MAC:mac            ; MAC                ; work         ;
;          |qadd:add|                              ; 177 (177)           ; 0 (0)                     ; 0                 ; 0          ; 0    ; 0            ; |systolic_array|processing_element:row_gen[2].col_gen[4].PE|MAC:mac|qadd:add   ; qadd               ; work         ;
;          |qmult:mult|                            ; 24 (24)             ; 0 (0)                     ; 0                 ; 3          ; 0    ; 0            ; |systolic_array|processing_element:row_gen[2].col_gen[4].PE|MAC:mac|qmult:mult ; qmult              ; work         ;
;    |processing_element:row_gen[2].col_gen[5].PE| ; 202 (0)             ; 96 (64)                   ; 0                 ; 3          ; 0    ; 0            ; |systolic_array|processing_element:row_gen[2].col_gen[5].PE                    ; processing_element ; work         ;
;       |MAC:mac|                                  ; 202 (1)             ; 32 (32)                   ; 0                 ; 3          ; 0    ; 0            ; |systolic_array|processing_element:row_gen[2].col_gen[5].PE|MAC:mac            ; MAC                ; work         ;
;          |qadd:add|                              ; 177 (177)           ; 0 (0)                     ; 0                 ; 0          ; 0    ; 0            ; |systolic_array|processing_element:row_gen[2].col_gen[5].PE|MAC:mac|qadd:add   ; qadd               ; work         ;
;          |qmult:mult|                            ; 24 (24)             ; 0 (0)                     ; 0                 ; 3          ; 0    ; 0            ; |systolic_array|processing_element:row_gen[2].col_gen[5].PE|MAC:mac|qmult:mult ; qmult              ; work         ;
;    |processing_element:row_gen[3].col_gen[0].PE| ; 202 (0)             ; 96 (64)                   ; 0                 ; 3          ; 0    ; 0            ; |systolic_array|processing_element:row_gen[3].col_gen[0].PE                    ; processing_element ; work         ;
;       |MAC:mac|                                  ; 202 (1)             ; 32 (32)                   ; 0                 ; 3          ; 0    ; 0            ; |systolic_array|processing_element:row_gen[3].col_gen[0].PE|MAC:mac            ; MAC                ; work         ;
;          |qadd:add|                              ; 177 (177)           ; 0 (0)                     ; 0                 ; 0          ; 0    ; 0            ; |systolic_array|processing_element:row_gen[3].col_gen[0].PE|MAC:mac|qadd:add   ; qadd               ; work         ;
;          |qmult:mult|                            ; 24 (24)             ; 0 (0)                     ; 0                 ; 3          ; 0    ; 0            ; |systolic_array|processing_element:row_gen[3].col_gen[0].PE|MAC:mac|qmult:mult ; qmult              ; work         ;
;    |processing_element:row_gen[3].col_gen[1].PE| ; 202 (0)             ; 96 (64)                   ; 0                 ; 3          ; 0    ; 0            ; |systolic_array|processing_element:row_gen[3].col_gen[1].PE                    ; processing_element ; work         ;
;       |MAC:mac|                                  ; 202 (1)             ; 32 (32)                   ; 0                 ; 3          ; 0    ; 0            ; |systolic_array|processing_element:row_gen[3].col_gen[1].PE|MAC:mac            ; MAC                ; work         ;
;          |qadd:add|                              ; 177 (177)           ; 0 (0)                     ; 0                 ; 0          ; 0    ; 0            ; |systolic_array|processing_element:row_gen[3].col_gen[1].PE|MAC:mac|qadd:add   ; qadd               ; work         ;
;          |qmult:mult|                            ; 24 (24)             ; 0 (0)                     ; 0                 ; 3          ; 0    ; 0            ; |systolic_array|processing_element:row_gen[3].col_gen[1].PE|MAC:mac|qmult:mult ; qmult              ; work         ;
;    |processing_element:row_gen[3].col_gen[2].PE| ; 202 (0)             ; 96 (64)                   ; 0                 ; 3          ; 0    ; 0            ; |systolic_array|processing_element:row_gen[3].col_gen[2].PE                    ; processing_element ; work         ;
;       |MAC:mac|                                  ; 202 (1)             ; 32 (32)                   ; 0                 ; 3          ; 0    ; 0            ; |systolic_array|processing_element:row_gen[3].col_gen[2].PE|MAC:mac            ; MAC                ; work         ;
;          |qadd:add|                              ; 177 (177)           ; 0 (0)                     ; 0                 ; 0          ; 0    ; 0            ; |systolic_array|processing_element:row_gen[3].col_gen[2].PE|MAC:mac|qadd:add   ; qadd               ; work         ;
;          |qmult:mult|                            ; 24 (24)             ; 0 (0)                     ; 0                 ; 3          ; 0    ; 0            ; |systolic_array|processing_element:row_gen[3].col_gen[2].PE|MAC:mac|qmult:mult ; qmult              ; work         ;
;    |processing_element:row_gen[3].col_gen[3].PE| ; 202 (0)             ; 96 (64)                   ; 0                 ; 3          ; 0    ; 0            ; |systolic_array|processing_element:row_gen[3].col_gen[3].PE                    ; processing_element ; work         ;
;       |MAC:mac|                                  ; 202 (1)             ; 32 (32)                   ; 0                 ; 3          ; 0    ; 0            ; |systolic_array|processing_element:row_gen[3].col_gen[3].PE|MAC:mac            ; MAC                ; work         ;
;          |qadd:add|                              ; 177 (177)           ; 0 (0)                     ; 0                 ; 0          ; 0    ; 0            ; |systolic_array|processing_element:row_gen[3].col_gen[3].PE|MAC:mac|qadd:add   ; qadd               ; work         ;
;          |qmult:mult|                            ; 24 (24)             ; 0 (0)                     ; 0                 ; 3          ; 0    ; 0            ; |systolic_array|processing_element:row_gen[3].col_gen[3].PE|MAC:mac|qmult:mult ; qmult              ; work         ;
;    |processing_element:row_gen[3].col_gen[4].PE| ; 202 (0)             ; 96 (64)                   ; 0                 ; 3          ; 0    ; 0            ; |systolic_array|processing_element:row_gen[3].col_gen[4].PE                    ; processing_element ; work         ;
;       |MAC:mac|                                  ; 202 (1)             ; 32 (32)                   ; 0                 ; 3          ; 0    ; 0            ; |systolic_array|processing_element:row_gen[3].col_gen[4].PE|MAC:mac            ; MAC                ; work         ;
;          |qadd:add|                              ; 177 (177)           ; 0 (0)                     ; 0                 ; 0          ; 0    ; 0            ; |systolic_array|processing_element:row_gen[3].col_gen[4].PE|MAC:mac|qadd:add   ; qadd               ; work         ;
;          |qmult:mult|                            ; 24 (24)             ; 0 (0)                     ; 0                 ; 3          ; 0    ; 0            ; |systolic_array|processing_element:row_gen[3].col_gen[4].PE|MAC:mac|qmult:mult ; qmult              ; work         ;
;    |processing_element:row_gen[3].col_gen[5].PE| ; 202 (0)             ; 96 (64)                   ; 0                 ; 3          ; 0    ; 0            ; |systolic_array|processing_element:row_gen[3].col_gen[5].PE                    ; processing_element ; work         ;
;       |MAC:mac|                                  ; 202 (1)             ; 32 (32)                   ; 0                 ; 3          ; 0    ; 0            ; |systolic_array|processing_element:row_gen[3].col_gen[5].PE|MAC:mac            ; MAC                ; work         ;
;          |qadd:add|                              ; 177 (177)           ; 0 (0)                     ; 0                 ; 0          ; 0    ; 0            ; |systolic_array|processing_element:row_gen[3].col_gen[5].PE|MAC:mac|qadd:add   ; qadd               ; work         ;
;          |qmult:mult|                            ; 24 (24)             ; 0 (0)                     ; 0                 ; 3          ; 0    ; 0            ; |systolic_array|processing_element:row_gen[3].col_gen[5].PE|MAC:mac|qmult:mult ; qmult              ; work         ;
;    |processing_element:row_gen[4].col_gen[0].PE| ; 202 (0)             ; 96 (64)                   ; 0                 ; 3          ; 0    ; 0            ; |systolic_array|processing_element:row_gen[4].col_gen[0].PE                    ; processing_element ; work         ;
;       |MAC:mac|                                  ; 202 (1)             ; 32 (32)                   ; 0                 ; 3          ; 0    ; 0            ; |systolic_array|processing_element:row_gen[4].col_gen[0].PE|MAC:mac            ; MAC                ; work         ;
;          |qadd:add|                              ; 177 (177)           ; 0 (0)                     ; 0                 ; 0          ; 0    ; 0            ; |systolic_array|processing_element:row_gen[4].col_gen[0].PE|MAC:mac|qadd:add   ; qadd               ; work         ;
;          |qmult:mult|                            ; 24 (24)             ; 0 (0)                     ; 0                 ; 3          ; 0    ; 0            ; |systolic_array|processing_element:row_gen[4].col_gen[0].PE|MAC:mac|qmult:mult ; qmult              ; work         ;
;    |processing_element:row_gen[4].col_gen[1].PE| ; 202 (0)             ; 96 (64)                   ; 0                 ; 3          ; 0    ; 0            ; |systolic_array|processing_element:row_gen[4].col_gen[1].PE                    ; processing_element ; work         ;
;       |MAC:mac|                                  ; 202 (1)             ; 32 (32)                   ; 0                 ; 3          ; 0    ; 0            ; |systolic_array|processing_element:row_gen[4].col_gen[1].PE|MAC:mac            ; MAC                ; work         ;
;          |qadd:add|                              ; 177 (177)           ; 0 (0)                     ; 0                 ; 0          ; 0    ; 0            ; |systolic_array|processing_element:row_gen[4].col_gen[1].PE|MAC:mac|qadd:add   ; qadd               ; work         ;
;          |qmult:mult|                            ; 24 (24)             ; 0 (0)                     ; 0                 ; 3          ; 0    ; 0            ; |systolic_array|processing_element:row_gen[4].col_gen[1].PE|MAC:mac|qmult:mult ; qmult              ; work         ;
;    |processing_element:row_gen[4].col_gen[2].PE| ; 202 (0)             ; 96 (64)                   ; 0                 ; 3          ; 0    ; 0            ; |systolic_array|processing_element:row_gen[4].col_gen[2].PE                    ; processing_element ; work         ;
;       |MAC:mac|                                  ; 202 (1)             ; 32 (32)                   ; 0                 ; 3          ; 0    ; 0            ; |systolic_array|processing_element:row_gen[4].col_gen[2].PE|MAC:mac            ; MAC                ; work         ;
;          |qadd:add|                              ; 177 (177)           ; 0 (0)                     ; 0                 ; 0          ; 0    ; 0            ; |systolic_array|processing_element:row_gen[4].col_gen[2].PE|MAC:mac|qadd:add   ; qadd               ; work         ;
;          |qmult:mult|                            ; 24 (24)             ; 0 (0)                     ; 0                 ; 3          ; 0    ; 0            ; |systolic_array|processing_element:row_gen[4].col_gen[2].PE|MAC:mac|qmult:mult ; qmult              ; work         ;
;    |processing_element:row_gen[4].col_gen[3].PE| ; 202 (0)             ; 96 (64)                   ; 0                 ; 3          ; 0    ; 0            ; |systolic_array|processing_element:row_gen[4].col_gen[3].PE                    ; processing_element ; work         ;
;       |MAC:mac|                                  ; 202 (1)             ; 32 (32)                   ; 0                 ; 3          ; 0    ; 0            ; |systolic_array|processing_element:row_gen[4].col_gen[3].PE|MAC:mac            ; MAC                ; work         ;
;          |qadd:add|                              ; 177 (177)           ; 0 (0)                     ; 0                 ; 0          ; 0    ; 0            ; |systolic_array|processing_element:row_gen[4].col_gen[3].PE|MAC:mac|qadd:add   ; qadd               ; work         ;
;          |qmult:mult|                            ; 24 (24)             ; 0 (0)                     ; 0                 ; 3          ; 0    ; 0            ; |systolic_array|processing_element:row_gen[4].col_gen[3].PE|MAC:mac|qmult:mult ; qmult              ; work         ;
;    |processing_element:row_gen[4].col_gen[4].PE| ; 202 (0)             ; 96 (64)                   ; 0                 ; 3          ; 0    ; 0            ; |systolic_array|processing_element:row_gen[4].col_gen[4].PE                    ; processing_element ; work         ;
;       |MAC:mac|                                  ; 202 (1)             ; 32 (32)                   ; 0                 ; 3          ; 0    ; 0            ; |systolic_array|processing_element:row_gen[4].col_gen[4].PE|MAC:mac            ; MAC                ; work         ;
;          |qadd:add|                              ; 177 (177)           ; 0 (0)                     ; 0                 ; 0          ; 0    ; 0            ; |systolic_array|processing_element:row_gen[4].col_gen[4].PE|MAC:mac|qadd:add   ; qadd               ; work         ;
;          |qmult:mult|                            ; 24 (24)             ; 0 (0)                     ; 0                 ; 3          ; 0    ; 0            ; |systolic_array|processing_element:row_gen[4].col_gen[4].PE|MAC:mac|qmult:mult ; qmult              ; work         ;
;    |processing_element:row_gen[4].col_gen[5].PE| ; 202 (0)             ; 96 (64)                   ; 0                 ; 3          ; 0    ; 0            ; |systolic_array|processing_element:row_gen[4].col_gen[5].PE                    ; processing_element ; work         ;
;       |MAC:mac|                                  ; 202 (1)             ; 32 (32)                   ; 0                 ; 3          ; 0    ; 0            ; |systolic_array|processing_element:row_gen[4].col_gen[5].PE|MAC:mac            ; MAC                ; work         ;
;          |qadd:add|                              ; 177 (177)           ; 0 (0)                     ; 0                 ; 0          ; 0    ; 0            ; |systolic_array|processing_element:row_gen[4].col_gen[5].PE|MAC:mac|qadd:add   ; qadd               ; work         ;
;          |qmult:mult|                            ; 24 (24)             ; 0 (0)                     ; 0                 ; 3          ; 0    ; 0            ; |systolic_array|processing_element:row_gen[4].col_gen[5].PE|MAC:mac|qmult:mult ; qmult              ; work         ;
;    |processing_element:row_gen[5].col_gen[0].PE| ; 202 (0)             ; 96 (64)                   ; 0                 ; 3          ; 0    ; 0            ; |systolic_array|processing_element:row_gen[5].col_gen[0].PE                    ; processing_element ; work         ;
;       |MAC:mac|                                  ; 202 (1)             ; 32 (32)                   ; 0                 ; 3          ; 0    ; 0            ; |systolic_array|processing_element:row_gen[5].col_gen[0].PE|MAC:mac            ; MAC                ; work         ;
;          |qadd:add|                              ; 177 (177)           ; 0 (0)                     ; 0                 ; 0          ; 0    ; 0            ; |systolic_array|processing_element:row_gen[5].col_gen[0].PE|MAC:mac|qadd:add   ; qadd               ; work         ;
;          |qmult:mult|                            ; 24 (24)             ; 0 (0)                     ; 0                 ; 3          ; 0    ; 0            ; |systolic_array|processing_element:row_gen[5].col_gen[0].PE|MAC:mac|qmult:mult ; qmult              ; work         ;
;    |processing_element:row_gen[5].col_gen[1].PE| ; 202 (0)             ; 96 (64)                   ; 0                 ; 3          ; 0    ; 0            ; |systolic_array|processing_element:row_gen[5].col_gen[1].PE                    ; processing_element ; work         ;
;       |MAC:mac|                                  ; 202 (1)             ; 32 (32)                   ; 0                 ; 3          ; 0    ; 0            ; |systolic_array|processing_element:row_gen[5].col_gen[1].PE|MAC:mac            ; MAC                ; work         ;
;          |qadd:add|                              ; 177 (177)           ; 0 (0)                     ; 0                 ; 0          ; 0    ; 0            ; |systolic_array|processing_element:row_gen[5].col_gen[1].PE|MAC:mac|qadd:add   ; qadd               ; work         ;
;          |qmult:mult|                            ; 24 (24)             ; 0 (0)                     ; 0                 ; 3          ; 0    ; 0            ; |systolic_array|processing_element:row_gen[5].col_gen[1].PE|MAC:mac|qmult:mult ; qmult              ; work         ;
;    |processing_element:row_gen[5].col_gen[2].PE| ; 202 (0)             ; 96 (64)                   ; 0                 ; 3          ; 0    ; 0            ; |systolic_array|processing_element:row_gen[5].col_gen[2].PE                    ; processing_element ; work         ;
;       |MAC:mac|                                  ; 202 (1)             ; 32 (32)                   ; 0                 ; 3          ; 0    ; 0            ; |systolic_array|processing_element:row_gen[5].col_gen[2].PE|MAC:mac            ; MAC                ; work         ;
;          |qadd:add|                              ; 177 (177)           ; 0 (0)                     ; 0                 ; 0          ; 0    ; 0            ; |systolic_array|processing_element:row_gen[5].col_gen[2].PE|MAC:mac|qadd:add   ; qadd               ; work         ;
;          |qmult:mult|                            ; 24 (24)             ; 0 (0)                     ; 0                 ; 3          ; 0    ; 0            ; |systolic_array|processing_element:row_gen[5].col_gen[2].PE|MAC:mac|qmult:mult ; qmult              ; work         ;
;    |processing_element:row_gen[5].col_gen[3].PE| ; 202 (0)             ; 96 (64)                   ; 0                 ; 3          ; 0    ; 0            ; |systolic_array|processing_element:row_gen[5].col_gen[3].PE                    ; processing_element ; work         ;
;       |MAC:mac|                                  ; 202 (1)             ; 32 (32)                   ; 0                 ; 3          ; 0    ; 0            ; |systolic_array|processing_element:row_gen[5].col_gen[3].PE|MAC:mac            ; MAC                ; work         ;
;          |qadd:add|                              ; 177 (177)           ; 0 (0)                     ; 0                 ; 0          ; 0    ; 0            ; |systolic_array|processing_element:row_gen[5].col_gen[3].PE|MAC:mac|qadd:add   ; qadd               ; work         ;
;          |qmult:mult|                            ; 24 (24)             ; 0 (0)                     ; 0                 ; 3          ; 0    ; 0            ; |systolic_array|processing_element:row_gen[5].col_gen[3].PE|MAC:mac|qmult:mult ; qmult              ; work         ;
;    |processing_element:row_gen[5].col_gen[4].PE| ; 202 (0)             ; 96 (64)                   ; 0                 ; 3          ; 0    ; 0            ; |systolic_array|processing_element:row_gen[5].col_gen[4].PE                    ; processing_element ; work         ;
;       |MAC:mac|                                  ; 202 (1)             ; 32 (32)                   ; 0                 ; 3          ; 0    ; 0            ; |systolic_array|processing_element:row_gen[5].col_gen[4].PE|MAC:mac            ; MAC                ; work         ;
;          |qadd:add|                              ; 177 (177)           ; 0 (0)                     ; 0                 ; 0          ; 0    ; 0            ; |systolic_array|processing_element:row_gen[5].col_gen[4].PE|MAC:mac|qadd:add   ; qadd               ; work         ;
;          |qmult:mult|                            ; 24 (24)             ; 0 (0)                     ; 0                 ; 3          ; 0    ; 0            ; |systolic_array|processing_element:row_gen[5].col_gen[4].PE|MAC:mac|qmult:mult ; qmult              ; work         ;
;    |processing_element:row_gen[5].col_gen[5].PE| ; 202 (0)             ; 96 (64)                   ; 0                 ; 3          ; 0    ; 0            ; |systolic_array|processing_element:row_gen[5].col_gen[5].PE                    ; processing_element ; work         ;
;       |MAC:mac|                                  ; 202 (1)             ; 32 (32)                   ; 0                 ; 3          ; 0    ; 0            ; |systolic_array|processing_element:row_gen[5].col_gen[5].PE|MAC:mac            ; MAC                ; work         ;
;          |qadd:add|                              ; 177 (177)           ; 0 (0)                     ; 0                 ; 0          ; 0    ; 0            ; |systolic_array|processing_element:row_gen[5].col_gen[5].PE|MAC:mac|qadd:add   ; qadd               ; work         ;
;          |qmult:mult|                            ; 24 (24)             ; 0 (0)                     ; 0                 ; 3          ; 0    ; 0            ; |systolic_array|processing_element:row_gen[5].col_gen[5].PE|MAC:mac|qmult:mult ; qmult              ; work         ;
+--------------------------------------------------+---------------------+---------------------------+-------------------+------------+------+--------------+--------------------------------------------------------------------------------+--------------------+--------------+
Note: For table entries with two numbers listed, the numbers in parentheses indicate the number of resources of the given type used by the specific entity alone. The numbers listed outside of parentheses indicate the total resources of the given type used by the specific entity and all of its sub-entities in the hierarchy.


+-----------------------------------------------+
; Analysis & Synthesis DSP Block Usage Summary  ;
+---------------------------------+-------------+
; Statistic                       ; Number Used ;
+---------------------------------+-------------+
; Two Independent 18x18           ; 72          ;
; Sum of two 18x18                ; 36          ;
; Total number of DSP blocks      ; 108         ;
;                                 ;             ;
; Fixed Point Unsigned Multiplier ; 144         ;
+---------------------------------+-------------+


+------------------------------------------------------+
; General Register Statistics                          ;
+----------------------------------------------+-------+
; Statistic                                    ; Value ;
+----------------------------------------------+-------+
; Total registers                              ; 4416  ;
; Number of registers using Synchronous Clear  ; 0     ;
; Number of registers using Synchronous Load   ; 1116  ;
; Number of registers using Asynchronous Clear ; 4416  ;
; Number of registers using Asynchronous Load  ; 0     ;
; Number of registers using Clock Enable       ; 4380  ;
; Number of registers using Preset             ; 0     ;
+----------------------------------------------+-------+


+-------------------------------------------------------------------------------------------------------------------------------------------------------------------------------------------+
; Multiplexer Restructuring Statistics (Restructuring Performed)                                                                                                                            ;
+--------------------+-----------+---------------+----------------------+------------------------+------------+-----------------------------------------------------------------------------+
; Multiplexer Inputs ; Bus Width ; Baseline Area ; Area if Restructured ; Saving if Restructured ; Registered ; Example Multiplexer Output                                                  ;
+--------------------+-----------+---------------+----------------------+------------------------+------------+-----------------------------------------------------------------------------+
; 3:1                ; 31 bits   ; 62 LEs        ; 62 LEs               ; 0 LEs                  ; Yes        ; |systolic_array|processing_element:row_gen[5].col_gen[5].PE|MAC:mac|out[1]  ;
; 3:1                ; 31 bits   ; 62 LEs        ; 62 LEs               ; 0 LEs                  ; Yes        ; |systolic_array|processing_element:row_gen[5].col_gen[4].PE|MAC:mac|out[16] ;
; 3:1                ; 31 bits   ; 62 LEs        ; 62 LEs               ; 0 LEs                  ; Yes        ; |systolic_array|processing_element:row_gen[5].col_gen[3].PE|MAC:mac|out[15] ;
; 3:1                ; 31 bits   ; 62 LEs        ; 62 LEs               ; 0 LEs                  ; Yes        ; |systolic_array|processing_element:row_gen[5].col_gen[2].PE|MAC:mac|out[14] ;
; 3:1                ; 31 bits   ; 62 LEs        ; 62 LEs               ; 0 LEs                  ; Yes        ; |systolic_array|processing_element:row_gen[5].col_gen[1].PE|MAC:mac|out[14] ;
; 3:1                ; 31 bits   ; 62 LEs        ; 62 LEs               ; 0 LEs                  ; Yes        ; |systolic_array|processing_element:row_gen[5].col_gen[0].PE|MAC:mac|out[14] ;
; 3:1                ; 31 bits   ; 62 LEs        ; 62 LEs               ; 0 LEs                  ; Yes        ; |systolic_array|processing_element:row_gen[4].col_gen[5].PE|MAC:mac|out[17] ;
; 3:1                ; 31 bits   ; 62 LEs        ; 62 LEs               ; 0 LEs                  ; Yes        ; |systolic_array|processing_element:row_gen[4].col_gen[4].PE|MAC:mac|out[12] ;
; 3:1                ; 31 bits   ; 62 LEs        ; 62 LEs               ; 0 LEs                  ; Yes        ; |systolic_array|processing_element:row_gen[4].col_gen[3].PE|MAC:mac|out[11] ;
; 3:1                ; 31 bits   ; 62 LEs        ; 62 LEs               ; 0 LEs                  ; Yes        ; |systolic_array|processing_element:row_gen[4].col_gen[2].PE|MAC:mac|out[12] ;
; 3:1                ; 31 bits   ; 62 LEs        ; 62 LEs               ; 0 LEs                  ; Yes        ; |systolic_array|processing_element:row_gen[4].col_gen[1].PE|MAC:mac|out[11] ;
; 3:1                ; 31 bits   ; 62 LEs        ; 62 LEs               ; 0 LEs                  ; Yes        ; |systolic_array|processing_element:row_gen[4].col_gen[0].PE|MAC:mac|out[11] ;
; 3:1                ; 31 bits   ; 62 LEs        ; 62 LEs               ; 0 LEs                  ; Yes        ; |systolic_array|processing_element:row_gen[3].col_gen[5].PE|MAC:mac|out[10] ;
; 3:1                ; 31 bits   ; 62 LEs        ; 62 LEs               ; 0 LEs                  ; Yes        ; |systolic_array|processing_element:row_gen[3].col_gen[4].PE|MAC:mac|out[18] ;
; 3:1                ; 31 bits   ; 62 LEs        ; 62 LEs               ; 0 LEs                  ; Yes        ; |systolic_array|processing_element:row_gen[3].col_gen[3].PE|MAC:mac|out[19] ;
; 3:1                ; 31 bits   ; 62 LEs        ; 62 LEs               ; 0 LEs                  ; Yes        ; |systolic_array|processing_element:row_gen[3].col_gen[2].PE|MAC:mac|out[29] ;
; 3:1                ; 31 bits   ; 62 LEs        ; 62 LEs               ; 0 LEs                  ; Yes        ; |systolic_array|processing_element:row_gen[3].col_gen[1].PE|MAC:mac|out[8]  ;
; 3:1                ; 31 bits   ; 62 LEs        ; 62 LEs               ; 0 LEs                  ; Yes        ; |systolic_array|processing_element:row_gen[3].col_gen[0].PE|MAC:mac|out[7]  ;
; 3:1                ; 31 bits   ; 62 LEs        ; 62 LEs               ; 0 LEs                  ; Yes        ; |systolic_array|processing_element:row_gen[2].col_gen[5].PE|MAC:mac|out[20] ;
; 3:1                ; 31 bits   ; 62 LEs        ; 62 LEs               ; 0 LEs                  ; Yes        ; |systolic_array|processing_element:row_gen[2].col_gen[4].PE|MAC:mac|out[18] ;
; 3:1                ; 31 bits   ; 62 LEs        ; 62 LEs               ; 0 LEs                  ; Yes        ; |systolic_array|processing_element:row_gen[2].col_gen[3].PE|MAC:mac|out[26] ;
; 3:1                ; 31 bits   ; 62 LEs        ; 62 LEs               ; 0 LEs                  ; Yes        ; |systolic_array|processing_element:row_gen[2].col_gen[2].PE|MAC:mac|out[17] ;
; 3:1                ; 31 bits   ; 62 LEs        ; 62 LEs               ; 0 LEs                  ; Yes        ; |systolic_array|processing_element:row_gen[2].col_gen[1].PE|MAC:mac|out[17] ;
; 3:1                ; 31 bits   ; 62 LEs        ; 62 LEs               ; 0 LEs                  ; Yes        ; |systolic_array|processing_element:row_gen[2].col_gen[0].PE|MAC:mac|out[5]  ;
; 3:1                ; 31 bits   ; 62 LEs        ; 62 LEs               ; 0 LEs                  ; Yes        ; |systolic_array|processing_element:row_gen[1].col_gen[5].PE|MAC:mac|out[29] ;
; 3:1                ; 31 bits   ; 62 LEs        ; 62 LEs               ; 0 LEs                  ; Yes        ; |systolic_array|processing_element:row_gen[1].col_gen[4].PE|MAC:mac|out[17] ;
; 3:1                ; 31 bits   ; 62 LEs        ; 62 LEs               ; 0 LEs                  ; Yes        ; |systolic_array|processing_element:row_gen[1].col_gen[3].PE|MAC:mac|out[16] ;
; 3:1                ; 31 bits   ; 62 LEs        ; 62 LEs               ; 0 LEs                  ; Yes        ; |systolic_array|processing_element:row_gen[1].col_gen[2].PE|MAC:mac|out[2]  ;
; 3:1                ; 31 bits   ; 62 LEs        ; 62 LEs               ; 0 LEs                  ; Yes        ; |systolic_array|processing_element:row_gen[1].col_gen[1].PE|MAC:mac|out[15] ;
; 3:1                ; 31 bits   ; 62 LEs        ; 62 LEs               ; 0 LEs                  ; Yes        ; |systolic_array|processing_element:row_gen[1].col_gen[0].PE|MAC:mac|out[2]  ;
; 3:1                ; 31 bits   ; 62 LEs        ; 62 LEs               ; 0 LEs                  ; Yes        ; |systolic_array|processing_element:row_gen[0].col_gen[5].PE|MAC:mac|out[15] ;
; 3:1                ; 31 bits   ; 62 LEs        ; 62 LEs               ; 0 LEs                  ; Yes        ; |systolic_array|processing_element:row_gen[0].col_gen[4].PE|MAC:mac|out[16] ;
; 3:1                ; 31 bits   ; 62 LEs        ; 62 LEs               ; 0 LEs                  ; Yes        ; |systolic_array|processing_element:row_gen[0].col_gen[3].PE|MAC:mac|out[9]  ;
; 3:1                ; 31 bits   ; 62 LEs        ; 62 LEs               ; 0 LEs                  ; Yes        ; |systolic_array|processing_element:row_gen[0].col_gen[2].PE|MAC:mac|out[21] ;
; 3:1                ; 31 bits   ; 62 LEs        ; 62 LEs               ; 0 LEs                  ; Yes        ; |systolic_array|processing_element:row_gen[0].col_gen[1].PE|MAC:mac|out[12] ;
; 3:1                ; 31 bits   ; 62 LEs        ; 62 LEs               ; 0 LEs                  ; Yes        ; |systolic_array|processing_element:row_gen[0].col_gen[0].PE|MAC:mac|out[13] ;
+--------------------+-----------+---------------+----------------------+------------------------+------------+-----------------------------------------------------------------------------+


+--------------------------------------------------------------------------------+
; Parameter Settings for User Entity Instance: Top-level Entity: |systolic_array ;
+----------------+-------+-------------------------------------------------------+
; Parameter Name ; Value ; Type                                                  ;
+----------------+-------+-------------------------------------------------------+
; Q              ; 10    ; Signed Integer                                        ;
; N              ; 32    ; Signed Integer                                        ;
; M              ; 6     ; Signed Integer                                        ;
+----------------+-------+-------------------------------------------------------+
Note: In order to hide this table in the UI and the text report file, please set the "Show Parameter Settings in Synthesis Report" option in "Analysis and Synthesis Settings -> More Settings" to "Off".


+------------------------------------------------------------------------------------------+
; Parameter Settings for User Entity Instance: processing_element:row_gen[0].col_gen[0].PE ;
+----------------+-------+-----------------------------------------------------------------+
; Parameter Name ; Value ; Type                                                            ;
+----------------+-------+-----------------------------------------------------------------+
; Q              ; 10    ; Signed Integer                                                  ;
; N              ; 32    ; Signed Integer                                                  ;
+----------------+-------+-----------------------------------------------------------------+
Note: In order to hide this table in the UI and the text report file, please set the "Show Parameter Settings in Synthesis Report" option in "Analysis and Synthesis Settings -> More Settings" to "Off".


+--------------------------------------------------------------------------------------------------+
; Parameter Settings for User Entity Instance: processing_element:row_gen[0].col_gen[0].PE|MAC:mac ;
+----------------+-------+-------------------------------------------------------------------------+
; Parameter Name ; Value ; Type                                                                    ;
+----------------+-------+-------------------------------------------------------------------------+
; Q              ; 10    ; Signed Integer                                                          ;
; N              ; 32    ; Signed Integer                                                          ;
+----------------+-------+-------------------------------------------------------------------------+
Note: In order to hide this table in the UI and the text report file, please set the "Show Parameter Settings in Synthesis Report" option in "Analysis and Synthesis Settings -> More Settings" to "Off".


+-------------------------------------------------------------------------------------------------------------+
; Parameter Settings for User Entity Instance: processing_element:row_gen[0].col_gen[0].PE|MAC:mac|qmult:mult ;
+----------------+-------+------------------------------------------------------------------------------------+
; Parameter Name ; Value ; Type                                                                               ;
+----------------+-------+------------------------------------------------------------------------------------+
; Q              ; 10    ; Signed Integer                                                                     ;
; N              ; 32    ; Signed Integer                                                                     ;
+----------------+-------+------------------------------------------------------------------------------------+
Note: In order to hide this table in the UI and the text report file, please set the "Show Parameter Settings in Synthesis Report" option in "Analysis and Synthesis Settings -> More Settings" to "Off".


+-----------------------------------------------------------------------------------------------------------+
; Parameter Settings for User Entity Instance: processing_element:row_gen[0].col_gen[0].PE|MAC:mac|qadd:add ;
+----------------+-------+----------------------------------------------------------------------------------+
; Parameter Name ; Value ; Type                                                                             ;
+----------------+-------+----------------------------------------------------------------------------------+
; Q              ; 10    ; Signed Integer                                                                   ;
; N              ; 32    ; Signed Integer                                                                   ;
+----------------+-------+----------------------------------------------------------------------------------+
Note: In order to hide this table in the UI and the text report file, please set the "Show Parameter Settings in Synthesis Report" option in "Analysis and Synthesis Settings -> More Settings" to "Off".


+------------------------------------------------------------------------------------------+
; Parameter Settings for User Entity Instance: processing_element:row_gen[0].col_gen[1].PE ;
+----------------+-------+-----------------------------------------------------------------+
; Parameter Name ; Value ; Type                                                            ;
+----------------+-------+-----------------------------------------------------------------+
; Q              ; 10    ; Signed Integer                                                  ;
; N              ; 32    ; Signed Integer                                                  ;
+----------------+-------+-----------------------------------------------------------------+
Note: In order to hide this table in the UI and the text report file, please set the "Show Parameter Settings in Synthesis Report" option in "Analysis and Synthesis Settings -> More Settings" to "Off".


+--------------------------------------------------------------------------------------------------+
; Parameter Settings for User Entity Instance: processing_element:row_gen[0].col_gen[1].PE|MAC:mac ;
+----------------+-------+-------------------------------------------------------------------------+
; Parameter Name ; Value ; Type                                                                    ;
+----------------+-------+-------------------------------------------------------------------------+
; Q              ; 10    ; Signed Integer                                                          ;
; N              ; 32    ; Signed Integer                                                          ;
+----------------+-------+-------------------------------------------------------------------------+
Note: In order to hide this table in the UI and the text report file, please set the "Show Parameter Settings in Synthesis Report" option in "Analysis and Synthesis Settings -> More Settings" to "Off".


+-------------------------------------------------------------------------------------------------------------+
; Parameter Settings for User Entity Instance: processing_element:row_gen[0].col_gen[1].PE|MAC:mac|qmult:mult ;
+----------------+-------+------------------------------------------------------------------------------------+
; Parameter Name ; Value ; Type                                                                               ;
+----------------+-------+------------------------------------------------------------------------------------+
; Q              ; 10    ; Signed Integer                                                                     ;
; N              ; 32    ; Signed Integer                                                                     ;
+----------------+-------+------------------------------------------------------------------------------------+
Note: In order to hide this table in the UI and the text report file, please set the "Show Parameter Settings in Synthesis Report" option in "Analysis and Synthesis Settings -> More Settings" to "Off".


+-----------------------------------------------------------------------------------------------------------+
; Parameter Settings for User Entity Instance: processing_element:row_gen[0].col_gen[1].PE|MAC:mac|qadd:add ;
+----------------+-------+----------------------------------------------------------------------------------+
; Parameter Name ; Value ; Type                                                                             ;
+----------------+-------+----------------------------------------------------------------------------------+
; Q              ; 10    ; Signed Integer                                                                   ;
; N              ; 32    ; Signed Integer                                                                   ;
+----------------+-------+----------------------------------------------------------------------------------+
Note: In order to hide this table in the UI and the text report file, please set the "Show Parameter Settings in Synthesis Report" option in "Analysis and Synthesis Settings -> More Settings" to "Off".


+------------------------------------------------------------------------------------------+
; Parameter Settings for User Entity Instance: processing_element:row_gen[0].col_gen[2].PE ;
+----------------+-------+-----------------------------------------------------------------+
; Parameter Name ; Value ; Type                                                            ;
+----------------+-------+-----------------------------------------------------------------+
; Q              ; 10    ; Signed Integer                                                  ;
; N              ; 32    ; Signed Integer                                                  ;
+----------------+-------+-----------------------------------------------------------------+
Note: In order to hide this table in the UI and the text report file, please set the "Show Parameter Settings in Synthesis Report" option in "Analysis and Synthesis Settings -> More Settings" to "Off".


+--------------------------------------------------------------------------------------------------+
; Parameter Settings for User Entity Instance: processing_element:row_gen[0].col_gen[2].PE|MAC:mac ;
+----------------+-------+-------------------------------------------------------------------------+
; Parameter Name ; Value ; Type                                                                    ;
+----------------+-------+-------------------------------------------------------------------------+
; Q              ; 10    ; Signed Integer                                                          ;
; N              ; 32    ; Signed Integer                                                          ;
+----------------+-------+-------------------------------------------------------------------------+
Note: In order to hide this table in the UI and the text report file, please set the "Show Parameter Settings in Synthesis Report" option in "Analysis and Synthesis Settings -> More Settings" to "Off".


+-------------------------------------------------------------------------------------------------------------+
; Parameter Settings for User Entity Instance: processing_element:row_gen[0].col_gen[2].PE|MAC:mac|qmult:mult ;
+----------------+-------+------------------------------------------------------------------------------------+
; Parameter Name ; Value ; Type                                                                               ;
+----------------+-------+------------------------------------------------------------------------------------+
; Q              ; 10    ; Signed Integer                                                                     ;
; N              ; 32    ; Signed Integer                                                                     ;
+----------------+-------+------------------------------------------------------------------------------------+
Note: In order to hide this table in the UI and the text report file, please set the "Show Parameter Settings in Synthesis Report" option in "Analysis and Synthesis Settings -> More Settings" to "Off".


+-----------------------------------------------------------------------------------------------------------+
; Parameter Settings for User Entity Instance: processing_element:row_gen[0].col_gen[2].PE|MAC:mac|qadd:add ;
+----------------+-------+----------------------------------------------------------------------------------+
; Parameter Name ; Value ; Type                                                                             ;
+----------------+-------+----------------------------------------------------------------------------------+
; Q              ; 10    ; Signed Integer                                                                   ;
; N              ; 32    ; Signed Integer                                                                   ;
+----------------+-------+----------------------------------------------------------------------------------+
Note: In order to hide this table in the UI and the text report file, please set the "Show Parameter Settings in Synthesis Report" option in "Analysis and Synthesis Settings -> More Settings" to "Off".


+------------------------------------------------------------------------------------------+
; Parameter Settings for User Entity Instance: processing_element:row_gen[0].col_gen[3].PE ;
+----------------+-------+-----------------------------------------------------------------+
; Parameter Name ; Value ; Type                                                            ;
+----------------+-------+-----------------------------------------------------------------+
; Q              ; 10    ; Signed Integer                                                  ;
; N              ; 32    ; Signed Integer                                                  ;
+----------------+-------+-----------------------------------------------------------------+
Note: In order to hide this table in the UI and the text report file, please set the "Show Parameter Settings in Synthesis Report" option in "Analysis and Synthesis Settings -> More Settings" to "Off".


+--------------------------------------------------------------------------------------------------+
; Parameter Settings for User Entity Instance: processing_element:row_gen[0].col_gen[3].PE|MAC:mac ;
+----------------+-------+-------------------------------------------------------------------------+
; Parameter Name ; Value ; Type                                                                    ;
+----------------+-------+-------------------------------------------------------------------------+
; Q              ; 10    ; Signed Integer                                                          ;
; N              ; 32    ; Signed Integer                                                          ;
+----------------+-------+-------------------------------------------------------------------------+
Note: In order to hide this table in the UI and the text report file, please set the "Show Parameter Settings in Synthesis Report" option in "Analysis and Synthesis Settings -> More Settings" to "Off".


+-------------------------------------------------------------------------------------------------------------+
; Parameter Settings for User Entity Instance: processing_element:row_gen[0].col_gen[3].PE|MAC:mac|qmult:mult ;
+----------------+-------+------------------------------------------------------------------------------------+
; Parameter Name ; Value ; Type                                                                               ;
+----------------+-------+------------------------------------------------------------------------------------+
; Q              ; 10    ; Signed Integer                                                                     ;
; N              ; 32    ; Signed Integer                                                                     ;
+----------------+-------+------------------------------------------------------------------------------------+
Note: In order to hide this table in the UI and the text report file, please set the "Show Parameter Settings in Synthesis Report" option in "Analysis and Synthesis Settings -> More Settings" to "Off".


+-----------------------------------------------------------------------------------------------------------+
; Parameter Settings for User Entity Instance: processing_element:row_gen[0].col_gen[3].PE|MAC:mac|qadd:add ;
+----------------+-------+----------------------------------------------------------------------------------+
; Parameter Name ; Value ; Type                                                                             ;
+----------------+-------+----------------------------------------------------------------------------------+
; Q              ; 10    ; Signed Integer                                                                   ;
; N              ; 32    ; Signed Integer                                                                   ;
+----------------+-------+----------------------------------------------------------------------------------+
Note: In order to hide this table in the UI and the text report file, please set the "Show Parameter Settings in Synthesis Report" option in "Analysis and Synthesis Settings -> More Settings" to "Off".


+------------------------------------------------------------------------------------------+
; Parameter Settings for User Entity Instance: processing_element:row_gen[0].col_gen[4].PE ;
+----------------+-------+-----------------------------------------------------------------+
; Parameter Name ; Value ; Type                                                            ;
+----------------+-------+-----------------------------------------------------------------+
; Q              ; 10    ; Signed Integer                                                  ;
; N              ; 32    ; Signed Integer                                                  ;
+----------------+-------+-----------------------------------------------------------------+
Note: In order to hide this table in the UI and the text report file, please set the "Show Parameter Settings in Synthesis Report" option in "Analysis and Synthesis Settings -> More Settings" to "Off".


+--------------------------------------------------------------------------------------------------+
; Parameter Settings for User Entity Instance: processing_element:row_gen[0].col_gen[4].PE|MAC:mac ;
+----------------+-------+-------------------------------------------------------------------------+
; Parameter Name ; Value ; Type                                                                    ;
+----------------+-------+-------------------------------------------------------------------------+
; Q              ; 10    ; Signed Integer                                                          ;
; N              ; 32    ; Signed Integer                                                          ;
+----------------+-------+-------------------------------------------------------------------------+
Note: In order to hide this table in the UI and the text report file, please set the "Show Parameter Settings in Synthesis Report" option in "Analysis and Synthesis Settings -> More Settings" to "Off".


+-------------------------------------------------------------------------------------------------------------+
; Parameter Settings for User Entity Instance: processing_element:row_gen[0].col_gen[4].PE|MAC:mac|qmult:mult ;
+----------------+-------+------------------------------------------------------------------------------------+
; Parameter Name ; Value ; Type                                                                               ;
+----------------+-------+------------------------------------------------------------------------------------+
; Q              ; 10    ; Signed Integer                                                                     ;
; N              ; 32    ; Signed Integer                                                                     ;
+----------------+-------+------------------------------------------------------------------------------------+
Note: In order to hide this table in the UI and the text report file, please set the "Show Parameter Settings in Synthesis Report" option in "Analysis and Synthesis Settings -> More Settings" to "Off".


+-----------------------------------------------------------------------------------------------------------+
; Parameter Settings for User Entity Instance: processing_element:row_gen[0].col_gen[4].PE|MAC:mac|qadd:add ;
+----------------+-------+----------------------------------------------------------------------------------+
; Parameter Name ; Value ; Type                                                                             ;
+----------------+-------+----------------------------------------------------------------------------------+
; Q              ; 10    ; Signed Integer                                                                   ;
; N              ; 32    ; Signed Integer                                                                   ;
+----------------+-------+----------------------------------------------------------------------------------+
Note: In order to hide this table in the UI and the text report file, please set the "Show Parameter Settings in Synthesis Report" option in "Analysis and Synthesis Settings -> More Settings" to "Off".


+------------------------------------------------------------------------------------------+
; Parameter Settings for User Entity Instance: processing_element:row_gen[0].col_gen[5].PE ;
+----------------+-------+-----------------------------------------------------------------+
; Parameter Name ; Value ; Type                                                            ;
+----------------+-------+-----------------------------------------------------------------+
; Q              ; 10    ; Signed Integer                                                  ;
; N              ; 32    ; Signed Integer                                                  ;
+----------------+-------+-----------------------------------------------------------------+
Note: In order to hide this table in the UI and the text report file, please set the "Show Parameter Settings in Synthesis Report" option in "Analysis and Synthesis Settings -> More Settings" to "Off".


+--------------------------------------------------------------------------------------------------+
; Parameter Settings for User Entity Instance: processing_element:row_gen[0].col_gen[5].PE|MAC:mac ;
+----------------+-------+-------------------------------------------------------------------------+
; Parameter Name ; Value ; Type                                                                    ;
+----------------+-------+-------------------------------------------------------------------------+
; Q              ; 10    ; Signed Integer                                                          ;
; N              ; 32    ; Signed Integer                                                          ;
+----------------+-------+-------------------------------------------------------------------------+
Note: In order to hide this table in the UI and the text report file, please set the "Show Parameter Settings in Synthesis Report" option in "Analysis and Synthesis Settings -> More Settings" to "Off".


+-------------------------------------------------------------------------------------------------------------+
; Parameter Settings for User Entity Instance: processing_element:row_gen[0].col_gen[5].PE|MAC:mac|qmult:mult ;
+----------------+-------+------------------------------------------------------------------------------------+
; Parameter Name ; Value ; Type                                                                               ;
+----------------+-------+------------------------------------------------------------------------------------+
; Q              ; 10    ; Signed Integer                                                                     ;
; N              ; 32    ; Signed Integer                                                                     ;
+----------------+-------+------------------------------------------------------------------------------------+
Note: In order to hide this table in the UI and the text report file, please set the "Show Parameter Settings in Synthesis Report" option in "Analysis and Synthesis Settings -> More Settings" to "Off".


+-----------------------------------------------------------------------------------------------------------+
; Parameter Settings for User Entity Instance: processing_element:row_gen[0].col_gen[5].PE|MAC:mac|qadd:add ;
+----------------+-------+----------------------------------------------------------------------------------+
; Parameter Name ; Value ; Type                                                                             ;
+----------------+-------+----------------------------------------------------------------------------------+
; Q              ; 10    ; Signed Integer                                                                   ;
; N              ; 32    ; Signed Integer                                                                   ;
+----------------+-------+----------------------------------------------------------------------------------+
Note: In order to hide this table in the UI and the text report file, please set the "Show Parameter Settings in Synthesis Report" option in "Analysis and Synthesis Settings -> More Settings" to "Off".


+------------------------------------------------------------------------------------------+
; Parameter Settings for User Entity Instance: processing_element:row_gen[1].col_gen[0].PE ;
+----------------+-------+-----------------------------------------------------------------+
; Parameter Name ; Value ; Type                                                            ;
+----------------+-------+-----------------------------------------------------------------+
; Q              ; 10    ; Signed Integer                                                  ;
; N              ; 32    ; Signed Integer                                                  ;
+----------------+-------+-----------------------------------------------------------------+
Note: In order to hide this table in the UI and the text report file, please set the "Show Parameter Settings in Synthesis Report" option in "Analysis and Synthesis Settings -> More Settings" to "Off".


+--------------------------------------------------------------------------------------------------+
; Parameter Settings for User Entity Instance: processing_element:row_gen[1].col_gen[0].PE|MAC:mac ;
+----------------+-------+-------------------------------------------------------------------------+
; Parameter Name ; Value ; Type                                                                    ;
+----------------+-------+-------------------------------------------------------------------------+
; Q              ; 10    ; Signed Integer                                                          ;
; N              ; 32    ; Signed Integer                                                          ;
+----------------+-------+-------------------------------------------------------------------------+
Note: In order to hide this table in the UI and the text report file, please set the "Show Parameter Settings in Synthesis Report" option in "Analysis and Synthesis Settings -> More Settings" to "Off".


+-------------------------------------------------------------------------------------------------------------+
; Parameter Settings for User Entity Instance: processing_element:row_gen[1].col_gen[0].PE|MAC:mac|qmult:mult ;
+----------------+-------+------------------------------------------------------------------------------------+
; Parameter Name ; Value ; Type                                                                               ;
+----------------+-------+------------------------------------------------------------------------------------+
; Q              ; 10    ; Signed Integer                                                                     ;
; N              ; 32    ; Signed Integer                                                                     ;
+----------------+-------+------------------------------------------------------------------------------------+
Note: In order to hide this table in the UI and the text report file, please set the "Show Parameter Settings in Synthesis Report" option in "Analysis and Synthesis Settings -> More Settings" to "Off".


+-----------------------------------------------------------------------------------------------------------+
; Parameter Settings for User Entity Instance: processing_element:row_gen[1].col_gen[0].PE|MAC:mac|qadd:add ;
+----------------+-------+----------------------------------------------------------------------------------+
; Parameter Name ; Value ; Type                                                                             ;
+----------------+-------+----------------------------------------------------------------------------------+
; Q              ; 10    ; Signed Integer                                                                   ;
; N              ; 32    ; Signed Integer                                                                   ;
+----------------+-------+----------------------------------------------------------------------------------+
Note: In order to hide this table in the UI and the text report file, please set the "Show Parameter Settings in Synthesis Report" option in "Analysis and Synthesis Settings -> More Settings" to "Off".


+------------------------------------------------------------------------------------------+
; Parameter Settings for User Entity Instance: processing_element:row_gen[1].col_gen[1].PE ;
+----------------+-------+-----------------------------------------------------------------+
; Parameter Name ; Value ; Type                                                            ;
+----------------+-------+-----------------------------------------------------------------+
; Q              ; 10    ; Signed Integer                                                  ;
; N              ; 32    ; Signed Integer                                                  ;
+----------------+-------+-----------------------------------------------------------------+
Note: In order to hide this table in the UI and the text report file, please set the "Show Parameter Settings in Synthesis Report" option in "Analysis and Synthesis Settings -> More Settings" to "Off".


+--------------------------------------------------------------------------------------------------+
; Parameter Settings for User Entity Instance: processing_element:row_gen[1].col_gen[1].PE|MAC:mac ;
+----------------+-------+-------------------------------------------------------------------------+
; Parameter Name ; Value ; Type                                                                    ;
+----------------+-------+-------------------------------------------------------------------------+
; Q              ; 10    ; Signed Integer                                                          ;
; N              ; 32    ; Signed Integer                                                          ;
+----------------+-------+-------------------------------------------------------------------------+
Note: In order to hide this table in the UI and the text report file, please set the "Show Parameter Settings in Synthesis Report" option in "Analysis and Synthesis Settings -> More Settings" to "Off".


+-------------------------------------------------------------------------------------------------------------+
; Parameter Settings for User Entity Instance: processing_element:row_gen[1].col_gen[1].PE|MAC:mac|qmult:mult ;
+----------------+-------+------------------------------------------------------------------------------------+
; Parameter Name ; Value ; Type                                                                               ;
+----------------+-------+------------------------------------------------------------------------------------+
; Q              ; 10    ; Signed Integer                                                                     ;
; N              ; 32    ; Signed Integer                                                                     ;
+----------------+-------+------------------------------------------------------------------------------------+
Note: In order to hide this table in the UI and the text report file, please set the "Show Parameter Settings in Synthesis Report" option in "Analysis and Synthesis Settings -> More Settings" to "Off".


+-----------------------------------------------------------------------------------------------------------+
; Parameter Settings for User Entity Instance: processing_element:row_gen[1].col_gen[1].PE|MAC:mac|qadd:add ;
+----------------+-------+----------------------------------------------------------------------------------+
; Parameter Name ; Value ; Type                                                                             ;
+----------------+-------+----------------------------------------------------------------------------------+
; Q              ; 10    ; Signed Integer                                                                   ;
; N              ; 32    ; Signed Integer                                                                   ;
+----------------+-------+----------------------------------------------------------------------------------+
Note: In order to hide this table in the UI and the text report file, please set the "Show Parameter Settings in Synthesis Report" option in "Analysis and Synthesis Settings -> More Settings" to "Off".


+------------------------------------------------------------------------------------------+
; Parameter Settings for User Entity Instance: processing_element:row_gen[1].col_gen[2].PE ;
+----------------+-------+-----------------------------------------------------------------+
; Parameter Name ; Value ; Type                                                            ;
+----------------+-------+-----------------------------------------------------------------+
; Q              ; 10    ; Signed Integer                                                  ;
; N              ; 32    ; Signed Integer                                                  ;
+----------------+-------+-----------------------------------------------------------------+
Note: In order to hide this table in the UI and the text report file, please set the "Show Parameter Settings in Synthesis Report" option in "Analysis and Synthesis Settings -> More Settings" to "Off".


+--------------------------------------------------------------------------------------------------+
; Parameter Settings for User Entity Instance: processing_element:row_gen[1].col_gen[2].PE|MAC:mac ;
+----------------+-------+-------------------------------------------------------------------------+
; Parameter Name ; Value ; Type                                                                    ;
+----------------+-------+-------------------------------------------------------------------------+
; Q              ; 10    ; Signed Integer                                                          ;
; N              ; 32    ; Signed Integer                                                          ;
+----------------+-------+-------------------------------------------------------------------------+
Note: In order to hide this table in the UI and the text report file, please set the "Show Parameter Settings in Synthesis Report" option in "Analysis and Synthesis Settings -> More Settings" to "Off".


+-------------------------------------------------------------------------------------------------------------+
; Parameter Settings for User Entity Instance: processing_element:row_gen[1].col_gen[2].PE|MAC:mac|qmult:mult ;
+----------------+-------+------------------------------------------------------------------------------------+
; Parameter Name ; Value ; Type                                                                               ;
+----------------+-------+------------------------------------------------------------------------------------+
; Q              ; 10    ; Signed Integer                                                                     ;
; N              ; 32    ; Signed Integer                                                                     ;
+----------------+-------+------------------------------------------------------------------------------------+
Note: In order to hide this table in the UI and the text report file, please set the "Show Parameter Settings in Synthesis Report" option in "Analysis and Synthesis Settings -> More Settings" to "Off".


+-----------------------------------------------------------------------------------------------------------+
; Parameter Settings for User Entity Instance: processing_element:row_gen[1].col_gen[2].PE|MAC:mac|qadd:add ;
+----------------+-------+----------------------------------------------------------------------------------+
; Parameter Name ; Value ; Type                                                                             ;
+----------------+-------+----------------------------------------------------------------------------------+
; Q              ; 10    ; Signed Integer                                                                   ;
; N              ; 32    ; Signed Integer                                                                   ;
+----------------+-------+----------------------------------------------------------------------------------+
Note: In order to hide this table in the UI and the text report file, please set the "Show Parameter Settings in Synthesis Report" option in "Analysis and Synthesis Settings -> More Settings" to "Off".


+------------------------------------------------------------------------------------------+
; Parameter Settings for User Entity Instance: processing_element:row_gen[1].col_gen[3].PE ;
+----------------+-------+-----------------------------------------------------------------+
; Parameter Name ; Value ; Type                                                            ;
+----------------+-------+-----------------------------------------------------------------+
; Q              ; 10    ; Signed Integer                                                  ;
; N              ; 32    ; Signed Integer                                                  ;
+----------------+-------+-----------------------------------------------------------------+
Note: In order to hide this table in the UI and the text report file, please set the "Show Parameter Settings in Synthesis Report" option in "Analysis and Synthesis Settings -> More Settings" to "Off".


+--------------------------------------------------------------------------------------------------+
; Parameter Settings for User Entity Instance: processing_element:row_gen[1].col_gen[3].PE|MAC:mac ;
+----------------+-------+-------------------------------------------------------------------------+
; Parameter Name ; Value ; Type                                                                    ;
+----------------+-------+-------------------------------------------------------------------------+
; Q              ; 10    ; Signed Integer                                                          ;
; N              ; 32    ; Signed Integer                                                          ;
+----------------+-------+-------------------------------------------------------------------------+
Note: In order to hide this table in the UI and the text report file, please set the "Show Parameter Settings in Synthesis Report" option in "Analysis and Synthesis Settings -> More Settings" to "Off".


+-------------------------------------------------------------------------------------------------------------+
; Parameter Settings for User Entity Instance: processing_element:row_gen[1].col_gen[3].PE|MAC:mac|qmult:mult ;
+----------------+-------+------------------------------------------------------------------------------------+
; Parameter Name ; Value ; Type                                                                               ;
+----------------+-------+------------------------------------------------------------------------------------+
; Q              ; 10    ; Signed Integer                                                                     ;
; N              ; 32    ; Signed Integer                                                                     ;
+----------------+-------+------------------------------------------------------------------------------------+
Note: In order to hide this table in the UI and the text report file, please set the "Show Parameter Settings in Synthesis Report" option in "Analysis and Synthesis Settings -> More Settings" to "Off".


+-----------------------------------------------------------------------------------------------------------+
; Parameter Settings for User Entity Instance: processing_element:row_gen[1].col_gen[3].PE|MAC:mac|qadd:add ;
+----------------+-------+----------------------------------------------------------------------------------+
; Parameter Name ; Value ; Type                                                                             ;
+----------------+-------+----------------------------------------------------------------------------------+
; Q              ; 10    ; Signed Integer                                                                   ;
; N              ; 32    ; Signed Integer                                                                   ;
+----------------+-------+----------------------------------------------------------------------------------+
Note: In order to hide this table in the UI and the text report file, please set the "Show Parameter Settings in Synthesis Report" option in "Analysis and Synthesis Settings -> More Settings" to "Off".


+------------------------------------------------------------------------------------------+
; Parameter Settings for User Entity Instance: processing_element:row_gen[1].col_gen[4].PE ;
+----------------+-------+-----------------------------------------------------------------+
; Parameter Name ; Value ; Type                                                            ;
+----------------+-------+-----------------------------------------------------------------+
; Q              ; 10    ; Signed Integer                                                  ;
; N              ; 32    ; Signed Integer                                                  ;
+----------------+-------+-----------------------------------------------------------------+
Note: In order to hide this table in the UI and the text report file, please set the "Show Parameter Settings in Synthesis Report" option in "Analysis and Synthesis Settings -> More Settings" to "Off".


+--------------------------------------------------------------------------------------------------+
; Parameter Settings for User Entity Instance: processing_element:row_gen[1].col_gen[4].PE|MAC:mac ;
+----------------+-------+-------------------------------------------------------------------------+
; Parameter Name ; Value ; Type                                                                    ;
+----------------+-------+-------------------------------------------------------------------------+
; Q              ; 10    ; Signed Integer                                                          ;
; N              ; 32    ; Signed Integer                                                          ;
+----------------+-------+-------------------------------------------------------------------------+
Note: In order to hide this table in the UI and the text report file, please set the "Show Parameter Settings in Synthesis Report" option in "Analysis and Synthesis Settings -> More Settings" to "Off".


+-------------------------------------------------------------------------------------------------------------+
; Parameter Settings for User Entity Instance: processing_element:row_gen[1].col_gen[4].PE|MAC:mac|qmult:mult ;
+----------------+-------+------------------------------------------------------------------------------------+
; Parameter Name ; Value ; Type                                                                               ;
+----------------+-------+------------------------------------------------------------------------------------+
; Q              ; 10    ; Signed Integer                                                                     ;
; N              ; 32    ; Signed Integer                                                                     ;
+----------------+-------+------------------------------------------------------------------------------------+
Note: In order to hide this table in the UI and the text report file, please set the "Show Parameter Settings in Synthesis Report" option in "Analysis and Synthesis Settings -> More Settings" to "Off".


+-----------------------------------------------------------------------------------------------------------+
; Parameter Settings for User Entity Instance: processing_element:row_gen[1].col_gen[4].PE|MAC:mac|qadd:add ;
+----------------+-------+----------------------------------------------------------------------------------+
; Parameter Name ; Value ; Type                                                                             ;
+----------------+-------+----------------------------------------------------------------------------------+
; Q              ; 10    ; Signed Integer                                                                   ;
; N              ; 32    ; Signed Integer                                                                   ;
+----------------+-------+----------------------------------------------------------------------------------+
Note: In order to hide this table in the UI and the text report file, please set the "Show Parameter Settings in Synthesis Report" option in "Analysis and Synthesis Settings -> More Settings" to "Off".


+------------------------------------------------------------------------------------------+
; Parameter Settings for User Entity Instance: processing_element:row_gen[1].col_gen[5].PE ;
+----------------+-------+-----------------------------------------------------------------+
; Parameter Name ; Value ; Type                                                            ;
+----------------+-------+-----------------------------------------------------------------+
; Q              ; 10    ; Signed Integer                                                  ;
; N              ; 32    ; Signed Integer                                                  ;
+----------------+-------+-----------------------------------------------------------------+
Note: In order to hide this table in the UI and the text report file, please set the "Show Parameter Settings in Synthesis Report" option in "Analysis and Synthesis Settings -> More Settings" to "Off".


+--------------------------------------------------------------------------------------------------+
; Parameter Settings for User Entity Instance: processing_element:row_gen[1].col_gen[5].PE|MAC:mac ;
+----------------+-------+-------------------------------------------------------------------------+
; Parameter Name ; Value ; Type                                                                    ;
+----------------+-------+-------------------------------------------------------------------------+
; Q              ; 10    ; Signed Integer                                                          ;
; N              ; 32    ; Signed Integer                                                          ;
+----------------+-------+-------------------------------------------------------------------------+
Note: In order to hide this table in the UI and the text report file, please set the "Show Parameter Settings in Synthesis Report" option in "Analysis and Synthesis Settings -> More Settings" to "Off".


+-------------------------------------------------------------------------------------------------------------+
; Parameter Settings for User Entity Instance: processing_element:row_gen[1].col_gen[5].PE|MAC:mac|qmult:mult ;
+----------------+-------+------------------------------------------------------------------------------------+
; Parameter Name ; Value ; Type                                                                               ;
+----------------+-------+------------------------------------------------------------------------------------+
; Q              ; 10    ; Signed Integer                                                                     ;
; N              ; 32    ; Signed Integer                                                                     ;
+----------------+-------+------------------------------------------------------------------------------------+
Note: In order to hide this table in the UI and the text report file, please set the "Show Parameter Settings in Synthesis Report" option in "Analysis and Synthesis Settings -> More Settings" to "Off".


+-----------------------------------------------------------------------------------------------------------+
; Parameter Settings for User Entity Instance: processing_element:row_gen[1].col_gen[5].PE|MAC:mac|qadd:add ;
+----------------+-------+----------------------------------------------------------------------------------+
; Parameter Name ; Value ; Type                                                                             ;
+----------------+-------+----------------------------------------------------------------------------------+
; Q              ; 10    ; Signed Integer                                                                   ;
; N              ; 32    ; Signed Integer                                                                   ;
+----------------+-------+----------------------------------------------------------------------------------+
Note: In order to hide this table in the UI and the text report file, please set the "Show Parameter Settings in Synthesis Report" option in "Analysis and Synthesis Settings -> More Settings" to "Off".


+------------------------------------------------------------------------------------------+
; Parameter Settings for User Entity Instance: processing_element:row_gen[2].col_gen[0].PE ;
+----------------+-------+-----------------------------------------------------------------+
; Parameter Name ; Value ; Type                                                            ;
+----------------+-------+-----------------------------------------------------------------+
; Q              ; 10    ; Signed Integer                                                  ;
; N              ; 32    ; Signed Integer                                                  ;
+----------------+-------+-----------------------------------------------------------------+
Note: In order to hide this table in the UI and the text report file, please set the "Show Parameter Settings in Synthesis Report" option in "Analysis and Synthesis Settings -> More Settings" to "Off".


+--------------------------------------------------------------------------------------------------+
; Parameter Settings for User Entity Instance: processing_element:row_gen[2].col_gen[0].PE|MAC:mac ;
+----------------+-------+-------------------------------------------------------------------------+
; Parameter Name ; Value ; Type                                                                    ;
+----------------+-------+-------------------------------------------------------------------------+
; Q              ; 10    ; Signed Integer                                                          ;
; N              ; 32    ; Signed Integer                                                          ;
+----------------+-------+-------------------------------------------------------------------------+
Note: In order to hide this table in the UI and the text report file, please set the "Show Parameter Settings in Synthesis Report" option in "Analysis and Synthesis Settings -> More Settings" to "Off".


+-------------------------------------------------------------------------------------------------------------+
; Parameter Settings for User Entity Instance: processing_element:row_gen[2].col_gen[0].PE|MAC:mac|qmult:mult ;
+----------------+-------+------------------------------------------------------------------------------------+
; Parameter Name ; Value ; Type                                                                               ;
+----------------+-------+------------------------------------------------------------------------------------+
; Q              ; 10    ; Signed Integer                                                                     ;
; N              ; 32    ; Signed Integer                                                                     ;
+----------------+-------+------------------------------------------------------------------------------------+
Note: In order to hide this table in the UI and the text report file, please set the "Show Parameter Settings in Synthesis Report" option in "Analysis and Synthesis Settings -> More Settings" to "Off".


+-----------------------------------------------------------------------------------------------------------+
; Parameter Settings for User Entity Instance: processing_element:row_gen[2].col_gen[0].PE|MAC:mac|qadd:add ;
+----------------+-------+----------------------------------------------------------------------------------+
; Parameter Name ; Value ; Type                                                                             ;
+----------------+-------+----------------------------------------------------------------------------------+
; Q              ; 10    ; Signed Integer                                                                   ;
; N              ; 32    ; Signed Integer                                                                   ;
+----------------+-------+----------------------------------------------------------------------------------+
Note: In order to hide this table in the UI and the text report file, please set the "Show Parameter Settings in Synthesis Report" option in "Analysis and Synthesis Settings -> More Settings" to "Off".


+------------------------------------------------------------------------------------------+
; Parameter Settings for User Entity Instance: processing_element:row_gen[2].col_gen[1].PE ;
+----------------+-------+-----------------------------------------------------------------+
; Parameter Name ; Value ; Type                                                            ;
+----------------+-------+-----------------------------------------------------------------+
; Q              ; 10    ; Signed Integer                                                  ;
; N              ; 32    ; Signed Integer                                                  ;
+----------------+-------+-----------------------------------------------------------------+
Note: In order to hide this table in the UI and the text report file, please set the "Show Parameter Settings in Synthesis Report" option in "Analysis and Synthesis Settings -> More Settings" to "Off".


+--------------------------------------------------------------------------------------------------+
; Parameter Settings for User Entity Instance: processing_element:row_gen[2].col_gen[1].PE|MAC:mac ;
+----------------+-------+-------------------------------------------------------------------------+
; Parameter Name ; Value ; Type                                                                    ;
+----------------+-------+-------------------------------------------------------------------------+
; Q              ; 10    ; Signed Integer                                                          ;
; N              ; 32    ; Signed Integer                                                          ;
+----------------+-------+-------------------------------------------------------------------------+
Note: In order to hide this table in the UI and the text report file, please set the "Show Parameter Settings in Synthesis Report" option in "Analysis and Synthesis Settings -> More Settings" to "Off".


+-------------------------------------------------------------------------------------------------------------+
; Parameter Settings for User Entity Instance: processing_element:row_gen[2].col_gen[1].PE|MAC:mac|qmult:mult ;
+----------------+-------+------------------------------------------------------------------------------------+
; Parameter Name ; Value ; Type                                                                               ;
+----------------+-------+------------------------------------------------------------------------------------+
; Q              ; 10    ; Signed Integer                                                                     ;
; N              ; 32    ; Signed Integer                                                                     ;
+----------------+-------+------------------------------------------------------------------------------------+
Note: In order to hide this table in the UI and the text report file, please set the "Show Parameter Settings in Synthesis Report" option in "Analysis and Synthesis Settings -> More Settings" to "Off".


+-----------------------------------------------------------------------------------------------------------+
; Parameter Settings for User Entity Instance: processing_element:row_gen[2].col_gen[1].PE|MAC:mac|qadd:add ;
+----------------+-------+----------------------------------------------------------------------------------+
; Parameter Name ; Value ; Type                                                                             ;
+----------------+-------+----------------------------------------------------------------------------------+
; Q              ; 10    ; Signed Integer                                                                   ;
; N              ; 32    ; Signed Integer                                                                   ;
+----------------+-------+----------------------------------------------------------------------------------+
Note: In order to hide this table in the UI and the text report file, please set the "Show Parameter Settings in Synthesis Report" option in "Analysis and Synthesis Settings -> More Settings" to "Off".


+------------------------------------------------------------------------------------------+
; Parameter Settings for User Entity Instance: processing_element:row_gen[2].col_gen[2].PE ;
+----------------+-------+-----------------------------------------------------------------+
; Parameter Name ; Value ; Type                                                            ;
+----------------+-------+-----------------------------------------------------------------+
; Q              ; 10    ; Signed Integer                                                  ;
; N              ; 32    ; Signed Integer                                                  ;
+----------------+-------+-----------------------------------------------------------------+
Note: In order to hide this table in the UI and the text report file, please set the "Show Parameter Settings in Synthesis Report" option in "Analysis and Synthesis Settings -> More Settings" to "Off".


+--------------------------------------------------------------------------------------------------+
; Parameter Settings for User Entity Instance: processing_element:row_gen[2].col_gen[2].PE|MAC:mac ;
+----------------+-------+-------------------------------------------------------------------------+
; Parameter Name ; Value ; Type                                                                    ;
+----------------+-------+-------------------------------------------------------------------------+
; Q              ; 10    ; Signed Integer                                                          ;
; N              ; 32    ; Signed Integer                                                          ;
+----------------+-------+-------------------------------------------------------------------------+
Note: In order to hide this table in the UI and the text report file, please set the "Show Parameter Settings in Synthesis Report" option in "Analysis and Synthesis Settings -> More Settings" to "Off".


+-------------------------------------------------------------------------------------------------------------+
; Parameter Settings for User Entity Instance: processing_element:row_gen[2].col_gen[2].PE|MAC:mac|qmult:mult ;
+----------------+-------+------------------------------------------------------------------------------------+
; Parameter Name ; Value ; Type                                                                               ;
+----------------+-------+------------------------------------------------------------------------------------+
; Q              ; 10    ; Signed Integer                                                                     ;
; N              ; 32    ; Signed Integer                                                                     ;
+----------------+-------+------------------------------------------------------------------------------------+
Note: In order to hide this table in the UI and the text report file, please set the "Show Parameter Settings in Synthesis Report" option in "Analysis and Synthesis Settings -> More Settings" to "Off".


+-----------------------------------------------------------------------------------------------------------+
; Parameter Settings for User Entity Instance: processing_element:row_gen[2].col_gen[2].PE|MAC:mac|qadd:add ;
+----------------+-------+----------------------------------------------------------------------------------+
; Parameter Name ; Value ; Type                                                                             ;
+----------------+-------+----------------------------------------------------------------------------------+
; Q              ; 10    ; Signed Integer                                                                   ;
; N              ; 32    ; Signed Integer                                                                   ;
+----------------+-------+----------------------------------------------------------------------------------+
Note: In order to hide this table in the UI and the text report file, please set the "Show Parameter Settings in Synthesis Report" option in "Analysis and Synthesis Settings -> More Settings" to "Off".


+------------------------------------------------------------------------------------------+
; Parameter Settings for User Entity Instance: processing_element:row_gen[2].col_gen[3].PE ;
+----------------+-------+-----------------------------------------------------------------+
; Parameter Name ; Value ; Type                                                            ;
+----------------+-------+-----------------------------------------------------------------+
; Q              ; 10    ; Signed Integer                                                  ;
; N              ; 32    ; Signed Integer                                                  ;
+----------------+-------+-----------------------------------------------------------------+
Note: In order to hide this table in the UI and the text report file, please set the "Show Parameter Settings in Synthesis Report" option in "Analysis and Synthesis Settings -> More Settings" to "Off".


+--------------------------------------------------------------------------------------------------+
; Parameter Settings for User Entity Instance: processing_element:row_gen[2].col_gen[3].PE|MAC:mac ;
+----------------+-------+-------------------------------------------------------------------------+
; Parameter Name ; Value ; Type                                                                    ;
+----------------+-------+-------------------------------------------------------------------------+
; Q              ; 10    ; Signed Integer                                                          ;
; N              ; 32    ; Signed Integer                                                          ;
+----------------+-------+-------------------------------------------------------------------------+
Note: In order to hide this table in the UI and the text report file, please set the "Show Parameter Settings in Synthesis Report" option in "Analysis and Synthesis Settings -> More Settings" to "Off".


+-------------------------------------------------------------------------------------------------------------+
; Parameter Settings for User Entity Instance: processing_element:row_gen[2].col_gen[3].PE|MAC:mac|qmult:mult ;
+----------------+-------+------------------------------------------------------------------------------------+
; Parameter Name ; Value ; Type                                                                               ;
+----------------+-------+------------------------------------------------------------------------------------+
; Q              ; 10    ; Signed Integer                                                                     ;
; N              ; 32    ; Signed Integer                                                                     ;
+----------------+-------+------------------------------------------------------------------------------------+
Note: In order to hide this table in the UI and the text report file, please set the "Show Parameter Settings in Synthesis Report" option in "Analysis and Synthesis Settings -> More Settings" to "Off".


+-----------------------------------------------------------------------------------------------------------+
; Parameter Settings for User Entity Instance: processing_element:row_gen[2].col_gen[3].PE|MAC:mac|qadd:add ;
+----------------+-------+----------------------------------------------------------------------------------+
; Parameter Name ; Value ; Type                                                                             ;
+----------------+-------+----------------------------------------------------------------------------------+
; Q              ; 10    ; Signed Integer                                                                   ;
; N              ; 32    ; Signed Integer                                                                   ;
+----------------+-------+----------------------------------------------------------------------------------+
Note: In order to hide this table in the UI and the text report file, please set the "Show Parameter Settings in Synthesis Report" option in "Analysis and Synthesis Settings -> More Settings" to "Off".


+------------------------------------------------------------------------------------------+
; Parameter Settings for User Entity Instance: processing_element:row_gen[2].col_gen[4].PE ;
+----------------+-------+-----------------------------------------------------------------+
; Parameter Name ; Value ; Type                                                            ;
+----------------+-------+-----------------------------------------------------------------+
; Q              ; 10    ; Signed Integer                                                  ;
; N              ; 32    ; Signed Integer                                                  ;
+----------------+-------+-----------------------------------------------------------------+
Note: In order to hide this table in the UI and the text report file, please set the "Show Parameter Settings in Synthesis Report" option in "Analysis and Synthesis Settings -> More Settings" to "Off".


+--------------------------------------------------------------------------------------------------+
; Parameter Settings for User Entity Instance: processing_element:row_gen[2].col_gen[4].PE|MAC:mac ;
+----------------+-------+-------------------------------------------------------------------------+
; Parameter Name ; Value ; Type                                                                    ;
+----------------+-------+-------------------------------------------------------------------------+
; Q              ; 10    ; Signed Integer                                                          ;
; N              ; 32    ; Signed Integer                                                          ;
+----------------+-------+-------------------------------------------------------------------------+
Note: In order to hide this table in the UI and the text report file, please set the "Show Parameter Settings in Synthesis Report" option in "Analysis and Synthesis Settings -> More Settings" to "Off".


+-------------------------------------------------------------------------------------------------------------+
; Parameter Settings for User Entity Instance: processing_element:row_gen[2].col_gen[4].PE|MAC:mac|qmult:mult ;
+----------------+-------+------------------------------------------------------------------------------------+
; Parameter Name ; Value ; Type                                                                               ;
+----------------+-------+------------------------------------------------------------------------------------+
; Q              ; 10    ; Signed Integer                                                                     ;
; N              ; 32    ; Signed Integer                                                                     ;
+----------------+-------+------------------------------------------------------------------------------------+
Note: In order to hide this table in the UI and the text report file, please set the "Show Parameter Settings in Synthesis Report" option in "Analysis and Synthesis Settings -> More Settings" to "Off".


+-----------------------------------------------------------------------------------------------------------+
; Parameter Settings for User Entity Instance: processing_element:row_gen[2].col_gen[4].PE|MAC:mac|qadd:add ;
+----------------+-------+----------------------------------------------------------------------------------+
; Parameter Name ; Value ; Type                                                                             ;
+----------------+-------+----------------------------------------------------------------------------------+
; Q              ; 10    ; Signed Integer                                                                   ;
; N              ; 32    ; Signed Integer                                                                   ;
+----------------+-------+----------------------------------------------------------------------------------+
Note: In order to hide this table in the UI and the text report file, please set the "Show Parameter Settings in Synthesis Report" option in "Analysis and Synthesis Settings -> More Settings" to "Off".


+------------------------------------------------------------------------------------------+
; Parameter Settings for User Entity Instance: processing_element:row_gen[2].col_gen[5].PE ;
+----------------+-------+-----------------------------------------------------------------+
; Parameter Name ; Value ; Type                                                            ;
+----------------+-------+-----------------------------------------------------------------+
; Q              ; 10    ; Signed Integer                                                  ;
; N              ; 32    ; Signed Integer                                                  ;
+----------------+-------+-----------------------------------------------------------------+
Note: In order to hide this table in the UI and the text report file, please set the "Show Parameter Settings in Synthesis Report" option in "Analysis and Synthesis Settings -> More Settings" to "Off".


+--------------------------------------------------------------------------------------------------+
; Parameter Settings for User Entity Instance: processing_element:row_gen[2].col_gen[5].PE|MAC:mac ;
+----------------+-------+-------------------------------------------------------------------------+
; Parameter Name ; Value ; Type                                                                    ;
+----------------+-------+-------------------------------------------------------------------------+
; Q              ; 10    ; Signed Integer                                                          ;
; N              ; 32    ; Signed Integer                                                          ;
+----------------+-------+-------------------------------------------------------------------------+
Note: In order to hide this table in the UI and the text report file, please set the "Show Parameter Settings in Synthesis Report" option in "Analysis and Synthesis Settings -> More Settings" to "Off".


+-------------------------------------------------------------------------------------------------------------+
; Parameter Settings for User Entity Instance: processing_element:row_gen[2].col_gen[5].PE|MAC:mac|qmult:mult ;
+----------------+-------+------------------------------------------------------------------------------------+
; Parameter Name ; Value ; Type                                                                               ;
+----------------+-------+------------------------------------------------------------------------------------+
; Q              ; 10    ; Signed Integer                                                                     ;
; N              ; 32    ; Signed Integer                                                                     ;
+----------------+-------+------------------------------------------------------------------------------------+
Note: In order to hide this table in the UI and the text report file, please set the "Show Parameter Settings in Synthesis Report" option in "Analysis and Synthesis Settings -> More Settings" to "Off".


+-----------------------------------------------------------------------------------------------------------+
; Parameter Settings for User Entity Instance: processing_element:row_gen[2].col_gen[5].PE|MAC:mac|qadd:add ;
+----------------+-------+----------------------------------------------------------------------------------+
; Parameter Name ; Value ; Type                                                                             ;
+----------------+-------+----------------------------------------------------------------------------------+
; Q              ; 10    ; Signed Integer                                                                   ;
; N              ; 32    ; Signed Integer                                                                   ;
+----------------+-------+----------------------------------------------------------------------------------+
Note: In order to hide this table in the UI and the text report file, please set the "Show Parameter Settings in Synthesis Report" option in "Analysis and Synthesis Settings -> More Settings" to "Off".


+------------------------------------------------------------------------------------------+
; Parameter Settings for User Entity Instance: processing_element:row_gen[3].col_gen[0].PE ;
+----------------+-------+-----------------------------------------------------------------+
; Parameter Name ; Value ; Type                                                            ;
+----------------+-------+-----------------------------------------------------------------+
; Q              ; 10    ; Signed Integer                                                  ;
; N              ; 32    ; Signed Integer                                                  ;
+----------------+-------+-----------------------------------------------------------------+
Note: In order to hide this table in the UI and the text report file, please set the "Show Parameter Settings in Synthesis Report" option in "Analysis and Synthesis Settings -> More Settings" to "Off".


+--------------------------------------------------------------------------------------------------+
; Parameter Settings for User Entity Instance: processing_element:row_gen[3].col_gen[0].PE|MAC:mac ;
+----------------+-------+-------------------------------------------------------------------------+
; Parameter Name ; Value ; Type                                                                    ;
+----------------+-------+-------------------------------------------------------------------------+
; Q              ; 10    ; Signed Integer                                                          ;
; N              ; 32    ; Signed Integer                                                          ;
+----------------+-------+-------------------------------------------------------------------------+
Note: In order to hide this table in the UI and the text report file, please set the "Show Parameter Settings in Synthesis Report" option in "Analysis and Synthesis Settings -> More Settings" to "Off".


+-------------------------------------------------------------------------------------------------------------+
; Parameter Settings for User Entity Instance: processing_element:row_gen[3].col_gen[0].PE|MAC:mac|qmult:mult ;
+----------------+-------+------------------------------------------------------------------------------------+
; Parameter Name ; Value ; Type                                                                               ;
+----------------+-------+------------------------------------------------------------------------------------+
; Q              ; 10    ; Signed Integer                                                                     ;
; N              ; 32    ; Signed Integer                                                                     ;
+----------------+-------+------------------------------------------------------------------------------------+
Note: In order to hide this table in the UI and the text report file, please set the "Show Parameter Settings in Synthesis Report" option in "Analysis and Synthesis Settings -> More Settings" to "Off".


+-----------------------------------------------------------------------------------------------------------+
; Parameter Settings for User Entity Instance: processing_element:row_gen[3].col_gen[0].PE|MAC:mac|qadd:add ;
+----------------+-------+----------------------------------------------------------------------------------+
; Parameter Name ; Value ; Type                                                                             ;
+----------------+-------+----------------------------------------------------------------------------------+
; Q              ; 10    ; Signed Integer                                                                   ;
; N              ; 32    ; Signed Integer                                                                   ;
+----------------+-------+----------------------------------------------------------------------------------+
Note: In order to hide this table in the UI and the text report file, please set the "Show Parameter Settings in Synthesis Report" option in "Analysis and Synthesis Settings -> More Settings" to "Off".


+------------------------------------------------------------------------------------------+
; Parameter Settings for User Entity Instance: processing_element:row_gen[3].col_gen[1].PE ;
+----------------+-------+-----------------------------------------------------------------+
; Parameter Name ; Value ; Type                                                            ;
+----------------+-------+-----------------------------------------------------------------+
; Q              ; 10    ; Signed Integer                                                  ;
; N              ; 32    ; Signed Integer                                                  ;
+----------------+-------+-----------------------------------------------------------------+
Note: In order to hide this table in the UI and the text report file, please set the "Show Parameter Settings in Synthesis Report" option in "Analysis and Synthesis Settings -> More Settings" to "Off".


+--------------------------------------------------------------------------------------------------+
; Parameter Settings for User Entity Instance: processing_element:row_gen[3].col_gen[1].PE|MAC:mac ;
+----------------+-------+-------------------------------------------------------------------------+
; Parameter Name ; Value ; Type                                                                    ;
+----------------+-------+-------------------------------------------------------------------------+
; Q              ; 10    ; Signed Integer                                                          ;
; N              ; 32    ; Signed Integer                                                          ;
+----------------+-------+-------------------------------------------------------------------------+
Note: In order to hide this table in the UI and the text report file, please set the "Show Parameter Settings in Synthesis Report" option in "Analysis and Synthesis Settings -> More Settings" to "Off".


+-------------------------------------------------------------------------------------------------------------+
; Parameter Settings for User Entity Instance: processing_element:row_gen[3].col_gen[1].PE|MAC:mac|qmult:mult ;
+----------------+-------+------------------------------------------------------------------------------------+
; Parameter Name ; Value ; Type                                                                               ;
+----------------+-------+------------------------------------------------------------------------------------+
; Q              ; 10    ; Signed Integer                                                                     ;
; N              ; 32    ; Signed Integer                                                                     ;
+----------------+-------+------------------------------------------------------------------------------------+
Note: In order to hide this table in the UI and the text report file, please set the "Show Parameter Settings in Synthesis Report" option in "Analysis and Synthesis Settings -> More Settings" to "Off".


+-----------------------------------------------------------------------------------------------------------+
; Parameter Settings for User Entity Instance: processing_element:row_gen[3].col_gen[1].PE|MAC:mac|qadd:add ;
+----------------+-------+----------------------------------------------------------------------------------+
; Parameter Name ; Value ; Type                                                                             ;
+----------------+-------+----------------------------------------------------------------------------------+
; Q              ; 10    ; Signed Integer                                                                   ;
; N              ; 32    ; Signed Integer                                                                   ;
+----------------+-------+----------------------------------------------------------------------------------+
Note: In order to hide this table in the UI and the text report file, please set the "Show Parameter Settings in Synthesis Report" option in "Analysis and Synthesis Settings -> More Settings" to "Off".


+------------------------------------------------------------------------------------------+
; Parameter Settings for User Entity Instance: processing_element:row_gen[3].col_gen[2].PE ;
+----------------+-------+-----------------------------------------------------------------+
; Parameter Name ; Value ; Type                                                            ;
+----------------+-------+-----------------------------------------------------------------+
; Q              ; 10    ; Signed Integer                                                  ;
; N              ; 32    ; Signed Integer                                                  ;
+----------------+-------+-----------------------------------------------------------------+
Note: In order to hide this table in the UI and the text report file, please set the "Show Parameter Settings in Synthesis Report" option in "Analysis and Synthesis Settings -> More Settings" to "Off".


+--------------------------------------------------------------------------------------------------+
; Parameter Settings for User Entity Instance: processing_element:row_gen[3].col_gen[2].PE|MAC:mac ;
+----------------+-------+-------------------------------------------------------------------------+
; Parameter Name ; Value ; Type                                                                    ;
+----------------+-------+-------------------------------------------------------------------------+
; Q              ; 10    ; Signed Integer                                                          ;
; N              ; 32    ; Signed Integer                                                          ;
+----------------+-------+-------------------------------------------------------------------------+
Note: In order to hide this table in the UI and the text report file, please set the "Show Parameter Settings in Synthesis Report" option in "Analysis and Synthesis Settings -> More Settings" to "Off".


+-------------------------------------------------------------------------------------------------------------+
; Parameter Settings for User Entity Instance: processing_element:row_gen[3].col_gen[2].PE|MAC:mac|qmult:mult ;
+----------------+-------+------------------------------------------------------------------------------------+
; Parameter Name ; Value ; Type                                                                               ;
+----------------+-------+------------------------------------------------------------------------------------+
; Q              ; 10    ; Signed Integer                                                                     ;
; N              ; 32    ; Signed Integer                                                                     ;
+----------------+-------+------------------------------------------------------------------------------------+
Note: In order to hide this table in the UI and the text report file, please set the "Show Parameter Settings in Synthesis Report" option in "Analysis and Synthesis Settings -> More Settings" to "Off".


+-----------------------------------------------------------------------------------------------------------+
; Parameter Settings for User Entity Instance: processing_element:row_gen[3].col_gen[2].PE|MAC:mac|qadd:add ;
+----------------+-------+----------------------------------------------------------------------------------+
; Parameter Name ; Value ; Type                                                                             ;
+----------------+-------+----------------------------------------------------------------------------------+
; Q              ; 10    ; Signed Integer                                                                   ;
; N              ; 32    ; Signed Integer                                                                   ;
+----------------+-------+----------------------------------------------------------------------------------+
Note: In order to hide this table in the UI and the text report file, please set the "Show Parameter Settings in Synthesis Report" option in "Analysis and Synthesis Settings -> More Settings" to "Off".


+------------------------------------------------------------------------------------------+
; Parameter Settings for User Entity Instance: processing_element:row_gen[3].col_gen[3].PE ;
+----------------+-------+-----------------------------------------------------------------+
; Parameter Name ; Value ; Type                                                            ;
+----------------+-------+-----------------------------------------------------------------+
; Q              ; 10    ; Signed Integer                                                  ;
; N              ; 32    ; Signed Integer                                                  ;
+----------------+-------+-----------------------------------------------------------------+
Note: In order to hide this table in the UI and the text report file, please set the "Show Parameter Settings in Synthesis Report" option in "Analysis and Synthesis Settings -> More Settings" to "Off".


+--------------------------------------------------------------------------------------------------+
; Parameter Settings for User Entity Instance: processing_element:row_gen[3].col_gen[3].PE|MAC:mac ;
+----------------+-------+-------------------------------------------------------------------------+
; Parameter Name ; Value ; Type                                                                    ;
+----------------+-------+-------------------------------------------------------------------------+
; Q              ; 10    ; Signed Integer                                                          ;
; N              ; 32    ; Signed Integer                                                          ;
+----------------+-------+-------------------------------------------------------------------------+
Note: In order to hide this table in the UI and the text report file, please set the "Show Parameter Settings in Synthesis Report" option in "Analysis and Synthesis Settings -> More Settings" to "Off".


+-------------------------------------------------------------------------------------------------------------+
; Parameter Settings for User Entity Instance: processing_element:row_gen[3].col_gen[3].PE|MAC:mac|qmult:mult ;
+----------------+-------+------------------------------------------------------------------------------------+
; Parameter Name ; Value ; Type                                                                               ;
+----------------+-------+------------------------------------------------------------------------------------+
; Q              ; 10    ; Signed Integer                                                                     ;
; N              ; 32    ; Signed Integer                                                                     ;
+----------------+-------+------------------------------------------------------------------------------------+
Note: In order to hide this table in the UI and the text report file, please set the "Show Parameter Settings in Synthesis Report" option in "Analysis and Synthesis Settings -> More Settings" to "Off".


+-----------------------------------------------------------------------------------------------------------+
; Parameter Settings for User Entity Instance: processing_element:row_gen[3].col_gen[3].PE|MAC:mac|qadd:add ;
+----------------+-------+----------------------------------------------------------------------------------+
; Parameter Name ; Value ; Type                                                                             ;
+----------------+-------+----------------------------------------------------------------------------------+
; Q              ; 10    ; Signed Integer                                                                   ;
; N              ; 32    ; Signed Integer                                                                   ;
+----------------+-------+----------------------------------------------------------------------------------+
Note: In order to hide this table in the UI and the text report file, please set the "Show Parameter Settings in Synthesis Report" option in "Analysis and Synthesis Settings -> More Settings" to "Off".


+------------------------------------------------------------------------------------------+
; Parameter Settings for User Entity Instance: processing_element:row_gen[3].col_gen[4].PE ;
+----------------+-------+-----------------------------------------------------------------+
; Parameter Name ; Value ; Type                                                            ;
+----------------+-------+-----------------------------------------------------------------+
; Q              ; 10    ; Signed Integer                                                  ;
; N              ; 32    ; Signed Integer                                                  ;
+----------------+-------+-----------------------------------------------------------------+
Note: In order to hide this table in the UI and the text report file, please set the "Show Parameter Settings in Synthesis Report" option in "Analysis and Synthesis Settings -> More Settings" to "Off".


+--------------------------------------------------------------------------------------------------+
; Parameter Settings for User Entity Instance: processing_element:row_gen[3].col_gen[4].PE|MAC:mac ;
+----------------+-------+-------------------------------------------------------------------------+
; Parameter Name ; Value ; Type                                                                    ;
+----------------+-------+-------------------------------------------------------------------------+
; Q              ; 10    ; Signed Integer                                                          ;
; N              ; 32    ; Signed Integer                                                          ;
+----------------+-------+-------------------------------------------------------------------------+
Note: In order to hide this table in the UI and the text report file, please set the "Show Parameter Settings in Synthesis Report" option in "Analysis and Synthesis Settings -> More Settings" to "Off".


+-------------------------------------------------------------------------------------------------------------+
; Parameter Settings for User Entity Instance: processing_element:row_gen[3].col_gen[4].PE|MAC:mac|qmult:mult ;
+----------------+-------+------------------------------------------------------------------------------------+
; Parameter Name ; Value ; Type                                                                               ;
+----------------+-------+------------------------------------------------------------------------------------+
; Q              ; 10    ; Signed Integer                                                                     ;
; N              ; 32    ; Signed Integer                                                                     ;
+----------------+-------+------------------------------------------------------------------------------------+
Note: In order to hide this table in the UI and the text report file, please set the "Show Parameter Settings in Synthesis Report" option in "Analysis and Synthesis Settings -> More Settings" to "Off".


+-----------------------------------------------------------------------------------------------------------+
; Parameter Settings for User Entity Instance: processing_element:row_gen[3].col_gen[4].PE|MAC:mac|qadd:add ;
+----------------+-------+----------------------------------------------------------------------------------+
; Parameter Name ; Value ; Type                                                                             ;
+----------------+-------+----------------------------------------------------------------------------------+
; Q              ; 10    ; Signed Integer                                                                   ;
; N              ; 32    ; Signed Integer                                                                   ;
+----------------+-------+----------------------------------------------------------------------------------+
Note: In order to hide this table in the UI and the text report file, please set the "Show Parameter Settings in Synthesis Report" option in "Analysis and Synthesis Settings -> More Settings" to "Off".


+------------------------------------------------------------------------------------------+
; Parameter Settings for User Entity Instance: processing_element:row_gen[3].col_gen[5].PE ;
+----------------+-------+-----------------------------------------------------------------+
; Parameter Name ; Value ; Type                                                            ;
+----------------+-------+-----------------------------------------------------------------+
; Q              ; 10    ; Signed Integer                                                  ;
; N              ; 32    ; Signed Integer                                                  ;
+----------------+-------+-----------------------------------------------------------------+
Note: In order to hide this table in the UI and the text report file, please set the "Show Parameter Settings in Synthesis Report" option in "Analysis and Synthesis Settings -> More Settings" to "Off".


+--------------------------------------------------------------------------------------------------+
; Parameter Settings for User Entity Instance: processing_element:row_gen[3].col_gen[5].PE|MAC:mac ;
+----------------+-------+-------------------------------------------------------------------------+
; Parameter Name ; Value ; Type                                                                    ;
+----------------+-------+-------------------------------------------------------------------------+
; Q              ; 10    ; Signed Integer                                                          ;
; N              ; 32    ; Signed Integer                                                          ;
+----------------+-------+-------------------------------------------------------------------------+
Note: In order to hide this table in the UI and the text report file, please set the "Show Parameter Settings in Synthesis Report" option in "Analysis and Synthesis Settings -> More Settings" to "Off".


+-------------------------------------------------------------------------------------------------------------+
; Parameter Settings for User Entity Instance: processing_element:row_gen[3].col_gen[5].PE|MAC:mac|qmult:mult ;
+----------------+-------+------------------------------------------------------------------------------------+
; Parameter Name ; Value ; Type                                                                               ;
+----------------+-------+------------------------------------------------------------------------------------+
; Q              ; 10    ; Signed Integer                                                                     ;
; N              ; 32    ; Signed Integer                                                                     ;
+----------------+-------+------------------------------------------------------------------------------------+
Note: In order to hide this table in the UI and the text report file, please set the "Show Parameter Settings in Synthesis Report" option in "Analysis and Synthesis Settings -> More Settings" to "Off".


+-----------------------------------------------------------------------------------------------------------+
; Parameter Settings for User Entity Instance: processing_element:row_gen[3].col_gen[5].PE|MAC:mac|qadd:add ;
+----------------+-------+----------------------------------------------------------------------------------+
; Parameter Name ; Value ; Type                                                                             ;
+----------------+-------+----------------------------------------------------------------------------------+
; Q              ; 10    ; Signed Integer                                                                   ;
; N              ; 32    ; Signed Integer                                                                   ;
+----------------+-------+----------------------------------------------------------------------------------+
Note: In order to hide this table in the UI and the text report file, please set the "Show Parameter Settings in Synthesis Report" option in "Analysis and Synthesis Settings -> More Settings" to "Off".


+------------------------------------------------------------------------------------------+
; Parameter Settings for User Entity Instance: processing_element:row_gen[4].col_gen[0].PE ;
+----------------+-------+-----------------------------------------------------------------+
; Parameter Name ; Value ; Type                                                            ;
+----------------+-------+-----------------------------------------------------------------+
; Q              ; 10    ; Signed Integer                                                  ;
; N              ; 32    ; Signed Integer                                                  ;
+----------------+-------+-----------------------------------------------------------------+
Note: In order to hide this table in the UI and the text report file, please set the "Show Parameter Settings in Synthesis Report" option in "Analysis and Synthesis Settings -> More Settings" to "Off".


+--------------------------------------------------------------------------------------------------+
; Parameter Settings for User Entity Instance: processing_element:row_gen[4].col_gen[0].PE|MAC:mac ;
+----------------+-------+-------------------------------------------------------------------------+
; Parameter Name ; Value ; Type                                                                    ;
+----------------+-------+-------------------------------------------------------------------------+
; Q              ; 10    ; Signed Integer                                                          ;
; N              ; 32    ; Signed Integer                                                          ;
+----------------+-------+-------------------------------------------------------------------------+
Note: In order to hide this table in the UI and the text report file, please set the "Show Parameter Settings in Synthesis Report" option in "Analysis and Synthesis Settings -> More Settings" to "Off".


+-------------------------------------------------------------------------------------------------------------+
; Parameter Settings for User Entity Instance: processing_element:row_gen[4].col_gen[0].PE|MAC:mac|qmult:mult ;
+----------------+-------+------------------------------------------------------------------------------------+
; Parameter Name ; Value ; Type                                                                               ;
+----------------+-------+------------------------------------------------------------------------------------+
; Q              ; 10    ; Signed Integer                                                                     ;
; N              ; 32    ; Signed Integer                                                                     ;
+----------------+-------+------------------------------------------------------------------------------------+
Note: In order to hide this table in the UI and the text report file, please set the "Show Parameter Settings in Synthesis Report" option in "Analysis and Synthesis Settings -> More Settings" to "Off".


+-----------------------------------------------------------------------------------------------------------+
; Parameter Settings for User Entity Instance: processing_element:row_gen[4].col_gen[0].PE|MAC:mac|qadd:add ;
+----------------+-------+----------------------------------------------------------------------------------+
; Parameter Name ; Value ; Type                                                                             ;
+----------------+-------+----------------------------------------------------------------------------------+
; Q              ; 10    ; Signed Integer                                                                   ;
; N              ; 32    ; Signed Integer                                                                   ;
+----------------+-------+----------------------------------------------------------------------------------+
Note: In order to hide this table in the UI and the text report file, please set the "Show Parameter Settings in Synthesis Report" option in "Analysis and Synthesis Settings -> More Settings" to "Off".


+------------------------------------------------------------------------------------------+
; Parameter Settings for User Entity Instance: processing_element:row_gen[4].col_gen[1].PE ;
+----------------+-------+-----------------------------------------------------------------+
; Parameter Name ; Value ; Type                                                            ;
+----------------+-------+-----------------------------------------------------------------+
; Q              ; 10    ; Signed Integer                                                  ;
; N              ; 32    ; Signed Integer                                                  ;
+----------------+-------+-----------------------------------------------------------------+
Note: In order to hide this table in the UI and the text report file, please set the "Show Parameter Settings in Synthesis Report" option in "Analysis and Synthesis Settings -> More Settings" to "Off".


+--------------------------------------------------------------------------------------------------+
; Parameter Settings for User Entity Instance: processing_element:row_gen[4].col_gen[1].PE|MAC:mac ;
+----------------+-------+-------------------------------------------------------------------------+
; Parameter Name ; Value ; Type                                                                    ;
+----------------+-------+-------------------------------------------------------------------------+
; Q              ; 10    ; Signed Integer                                                          ;
; N              ; 32    ; Signed Integer                                                          ;
+----------------+-------+-------------------------------------------------------------------------+
Note: In order to hide this table in the UI and the text report file, please set the "Show Parameter Settings in Synthesis Report" option in "Analysis and Synthesis Settings -> More Settings" to "Off".


+-------------------------------------------------------------------------------------------------------------+
; Parameter Settings for User Entity Instance: processing_element:row_gen[4].col_gen[1].PE|MAC:mac|qmult:mult ;
+----------------+-------+------------------------------------------------------------------------------------+
; Parameter Name ; Value ; Type                                                                               ;
+----------------+-------+------------------------------------------------------------------------------------+
; Q              ; 10    ; Signed Integer                                                                     ;
; N              ; 32    ; Signed Integer                                                                     ;
+----------------+-------+------------------------------------------------------------------------------------+
Note: In order to hide this table in the UI and the text report file, please set the "Show Parameter Settings in Synthesis Report" option in "Analysis and Synthesis Settings -> More Settings" to "Off".


+-----------------------------------------------------------------------------------------------------------+
; Parameter Settings for User Entity Instance: processing_element:row_gen[4].col_gen[1].PE|MAC:mac|qadd:add ;
+----------------+-------+----------------------------------------------------------------------------------+
; Parameter Name ; Value ; Type                                                                             ;
+----------------+-------+----------------------------------------------------------------------------------+
; Q              ; 10    ; Signed Integer                                                                   ;
; N              ; 32    ; Signed Integer                                                                   ;
+----------------+-------+----------------------------------------------------------------------------------+
Note: In order to hide this table in the UI and the text report file, please set the "Show Parameter Settings in Synthesis Report" option in "Analysis and Synthesis Settings -> More Settings" to "Off".


+------------------------------------------------------------------------------------------+
; Parameter Settings for User Entity Instance: processing_element:row_gen[4].col_gen[2].PE ;
+----------------+-------+-----------------------------------------------------------------+
; Parameter Name ; Value ; Type                                                            ;
+----------------+-------+-----------------------------------------------------------------+
; Q              ; 10    ; Signed Integer                                                  ;
; N              ; 32    ; Signed Integer                                                  ;
+----------------+-------+-----------------------------------------------------------------+
Note: In order to hide this table in the UI and the text report file, please set the "Show Parameter Settings in Synthesis Report" option in "Analysis and Synthesis Settings -> More Settings" to "Off".


+--------------------------------------------------------------------------------------------------+
; Parameter Settings for User Entity Instance: processing_element:row_gen[4].col_gen[2].PE|MAC:mac ;
+----------------+-------+-------------------------------------------------------------------------+
; Parameter Name ; Value ; Type                                                                    ;
+----------------+-------+-------------------------------------------------------------------------+
; Q              ; 10    ; Signed Integer                                                          ;
; N              ; 32    ; Signed Integer                                                          ;
+----------------+-------+-------------------------------------------------------------------------+
Note: In order to hide this table in the UI and the text report file, please set the "Show Parameter Settings in Synthesis Report" option in "Analysis and Synthesis Settings -> More Settings" to "Off".


+-------------------------------------------------------------------------------------------------------------+
; Parameter Settings for User Entity Instance: processing_element:row_gen[4].col_gen[2].PE|MAC:mac|qmult:mult ;
+----------------+-------+------------------------------------------------------------------------------------+
; Parameter Name ; Value ; Type                                                                               ;
+----------------+-------+------------------------------------------------------------------------------------+
; Q              ; 10    ; Signed Integer                                                                     ;
; N              ; 32    ; Signed Integer                                                                     ;
+----------------+-------+------------------------------------------------------------------------------------+
Note: In order to hide this table in the UI and the text report file, please set the "Show Parameter Settings in Synthesis Report" option in "Analysis and Synthesis Settings -> More Settings" to "Off".


+-----------------------------------------------------------------------------------------------------------+
; Parameter Settings for User Entity Instance: processing_element:row_gen[4].col_gen[2].PE|MAC:mac|qadd:add ;
+----------------+-------+----------------------------------------------------------------------------------+
; Parameter Name ; Value ; Type                                                                             ;
+----------------+-------+----------------------------------------------------------------------------------+
; Q              ; 10    ; Signed Integer                                                                   ;
; N              ; 32    ; Signed Integer                                                                   ;
+----------------+-------+----------------------------------------------------------------------------------+
Note: In order to hide this table in the UI and the text report file, please set the "Show Parameter Settings in Synthesis Report" option in "Analysis and Synthesis Settings -> More Settings" to "Off".


+------------------------------------------------------------------------------------------+
; Parameter Settings for User Entity Instance: processing_element:row_gen[4].col_gen[3].PE ;
+----------------+-------+-----------------------------------------------------------------+
; Parameter Name ; Value ; Type                                                            ;
+----------------+-------+-----------------------------------------------------------------+
; Q              ; 10    ; Signed Integer                                                  ;
; N              ; 32    ; Signed Integer                                                  ;
+----------------+-------+-----------------------------------------------------------------+
Note: In order to hide this table in the UI and the text report file, please set the "Show Parameter Settings in Synthesis Report" option in "Analysis and Synthesis Settings -> More Settings" to "Off".


+--------------------------------------------------------------------------------------------------+
; Parameter Settings for User Entity Instance: processing_element:row_gen[4].col_gen[3].PE|MAC:mac ;
+----------------+-------+-------------------------------------------------------------------------+
; Parameter Name ; Value ; Type                                                                    ;
+----------------+-------+-------------------------------------------------------------------------+
; Q              ; 10    ; Signed Integer                                                          ;
; N              ; 32    ; Signed Integer                                                          ;
+----------------+-------+-------------------------------------------------------------------------+
Note: In order to hide this table in the UI and the text report file, please set the "Show Parameter Settings in Synthesis Report" option in "Analysis and Synthesis Settings -> More Settings" to "Off".


+-------------------------------------------------------------------------------------------------------------+
; Parameter Settings for User Entity Instance: processing_element:row_gen[4].col_gen[3].PE|MAC:mac|qmult:mult ;
+----------------+-------+------------------------------------------------------------------------------------+
; Parameter Name ; Value ; Type                                                                               ;
+----------------+-------+------------------------------------------------------------------------------------+
; Q              ; 10    ; Signed Integer                                                                     ;
; N              ; 32    ; Signed Integer                                                                     ;
+----------------+-------+------------------------------------------------------------------------------------+
Note: In order to hide this table in the UI and the text report file, please set the "Show Parameter Settings in Synthesis Report" option in "Analysis and Synthesis Settings -> More Settings" to "Off".


+-----------------------------------------------------------------------------------------------------------+
; Parameter Settings for User Entity Instance: processing_element:row_gen[4].col_gen[3].PE|MAC:mac|qadd:add ;
+----------------+-------+----------------------------------------------------------------------------------+
; Parameter Name ; Value ; Type                                                                             ;
+----------------+-------+----------------------------------------------------------------------------------+
; Q              ; 10    ; Signed Integer                                                                   ;
; N              ; 32    ; Signed Integer                                                                   ;
+----------------+-------+----------------------------------------------------------------------------------+
Note: In order to hide this table in the UI and the text report file, please set the "Show Parameter Settings in Synthesis Report" option in "Analysis and Synthesis Settings -> More Settings" to "Off".


+------------------------------------------------------------------------------------------+
; Parameter Settings for User Entity Instance: processing_element:row_gen[4].col_gen[4].PE ;
+----------------+-------+-----------------------------------------------------------------+
; Parameter Name ; Value ; Type                                                            ;
+----------------+-------+-----------------------------------------------------------------+
; Q              ; 10    ; Signed Integer                                                  ;
; N              ; 32    ; Signed Integer                                                  ;
+----------------+-------+-----------------------------------------------------------------+
Note: In order to hide this table in the UI and the text report file, please set the "Show Parameter Settings in Synthesis Report" option in "Analysis and Synthesis Settings -> More Settings" to "Off".


+--------------------------------------------------------------------------------------------------+
; Parameter Settings for User Entity Instance: processing_element:row_gen[4].col_gen[4].PE|MAC:mac ;
+----------------+-------+-------------------------------------------------------------------------+
; Parameter Name ; Value ; Type                                                                    ;
+----------------+-------+-------------------------------------------------------------------------+
; Q              ; 10    ; Signed Integer                                                          ;
; N              ; 32    ; Signed Integer                                                          ;
+----------------+-------+-------------------------------------------------------------------------+
Note: In order to hide this table in the UI and the text report file, please set the "Show Parameter Settings in Synthesis Report" option in "Analysis and Synthesis Settings -> More Settings" to "Off".


+-------------------------------------------------------------------------------------------------------------+
; Parameter Settings for User Entity Instance: processing_element:row_gen[4].col_gen[4].PE|MAC:mac|qmult:mult ;
+----------------+-------+------------------------------------------------------------------------------------+
; Parameter Name ; Value ; Type                                                                               ;
+----------------+-------+------------------------------------------------------------------------------------+
; Q              ; 10    ; Signed Integer                                                                     ;
; N              ; 32    ; Signed Integer                                                                     ;
+----------------+-------+------------------------------------------------------------------------------------+
Note: In order to hide this table in the UI and the text report file, please set the "Show Parameter Settings in Synthesis Report" option in "Analysis and Synthesis Settings -> More Settings" to "Off".


+-----------------------------------------------------------------------------------------------------------+
; Parameter Settings for User Entity Instance: processing_element:row_gen[4].col_gen[4].PE|MAC:mac|qadd:add ;
+----------------+-------+----------------------------------------------------------------------------------+
; Parameter Name ; Value ; Type                                                                             ;
+----------------+-------+----------------------------------------------------------------------------------+
; Q              ; 10    ; Signed Integer                                                                   ;
; N              ; 32    ; Signed Integer                                                                   ;
+----------------+-------+----------------------------------------------------------------------------------+
Note: In order to hide this table in the UI and the text report file, please set the "Show Parameter Settings in Synthesis Report" option in "Analysis and Synthesis Settings -> More Settings" to "Off".


+------------------------------------------------------------------------------------------+
; Parameter Settings for User Entity Instance: processing_element:row_gen[4].col_gen[5].PE ;
+----------------+-------+-----------------------------------------------------------------+
; Parameter Name ; Value ; Type                                                            ;
+----------------+-------+-----------------------------------------------------------------+
; Q              ; 10    ; Signed Integer                                                  ;
; N              ; 32    ; Signed Integer                                                  ;
+----------------+-------+-----------------------------------------------------------------+
Note: In order to hide this table in the UI and the text report file, please set the "Show Parameter Settings in Synthesis Report" option in "Analysis and Synthesis Settings -> More Settings" to "Off".


+--------------------------------------------------------------------------------------------------+
; Parameter Settings for User Entity Instance: processing_element:row_gen[4].col_gen[5].PE|MAC:mac ;
+----------------+-------+-------------------------------------------------------------------------+
; Parameter Name ; Value ; Type                                                                    ;
+----------------+-------+-------------------------------------------------------------------------+
; Q              ; 10    ; Signed Integer                                                          ;
; N              ; 32    ; Signed Integer                                                          ;
+----------------+-------+-------------------------------------------------------------------------+
Note: In order to hide this table in the UI and the text report file, please set the "Show Parameter Settings in Synthesis Report" option in "Analysis and Synthesis Settings -> More Settings" to "Off".


+-------------------------------------------------------------------------------------------------------------+
; Parameter Settings for User Entity Instance: processing_element:row_gen[4].col_gen[5].PE|MAC:mac|qmult:mult ;
+----------------+-------+------------------------------------------------------------------------------------+
; Parameter Name ; Value ; Type                                                                               ;
+----------------+-------+------------------------------------------------------------------------------------+
; Q              ; 10    ; Signed Integer                                                                     ;
; N              ; 32    ; Signed Integer                                                                     ;
+----------------+-------+------------------------------------------------------------------------------------+
Note: In order to hide this table in the UI and the text report file, please set the "Show Parameter Settings in Synthesis Report" option in "Analysis and Synthesis Settings -> More Settings" to "Off".


+-----------------------------------------------------------------------------------------------------------+
; Parameter Settings for User Entity Instance: processing_element:row_gen[4].col_gen[5].PE|MAC:mac|qadd:add ;
+----------------+-------+----------------------------------------------------------------------------------+
; Parameter Name ; Value ; Type                                                                             ;
+----------------+-------+----------------------------------------------------------------------------------+
; Q              ; 10    ; Signed Integer                                                                   ;
; N              ; 32    ; Signed Integer                                                                   ;
+----------------+-------+----------------------------------------------------------------------------------+
Note: In order to hide this table in the UI and the text report file, please set the "Show Parameter Settings in Synthesis Report" option in "Analysis and Synthesis Settings -> More Settings" to "Off".


+------------------------------------------------------------------------------------------+
; Parameter Settings for User Entity Instance: processing_element:row_gen[5].col_gen[0].PE ;
+----------------+-------+-----------------------------------------------------------------+
; Parameter Name ; Value ; Type                                                            ;
+----------------+-------+-----------------------------------------------------------------+
; Q              ; 10    ; Signed Integer                                                  ;
; N              ; 32    ; Signed Integer                                                  ;
+----------------+-------+-----------------------------------------------------------------+
Note: In order to hide this table in the UI and the text report file, please set the "Show Parameter Settings in Synthesis Report" option in "Analysis and Synthesis Settings -> More Settings" to "Off".


+--------------------------------------------------------------------------------------------------+
; Parameter Settings for User Entity Instance: processing_element:row_gen[5].col_gen[0].PE|MAC:mac ;
+----------------+-------+-------------------------------------------------------------------------+
; Parameter Name ; Value ; Type                                                                    ;
+----------------+-------+-------------------------------------------------------------------------+
; Q              ; 10    ; Signed Integer                                                          ;
; N              ; 32    ; Signed Integer                                                          ;
+----------------+-------+-------------------------------------------------------------------------+
Note: In order to hide this table in the UI and the text report file, please set the "Show Parameter Settings in Synthesis Report" option in "Analysis and Synthesis Settings -> More Settings" to "Off".


+-------------------------------------------------------------------------------------------------------------+
; Parameter Settings for User Entity Instance: processing_element:row_gen[5].col_gen[0].PE|MAC:mac|qmult:mult ;
+----------------+-------+------------------------------------------------------------------------------------+
; Parameter Name ; Value ; Type                                                                               ;
+----------------+-------+------------------------------------------------------------------------------------+
; Q              ; 10    ; Signed Integer                                                                     ;
; N              ; 32    ; Signed Integer                                                                     ;
+----------------+-------+------------------------------------------------------------------------------------+
Note: In order to hide this table in the UI and the text report file, please set the "Show Parameter Settings in Synthesis Report" option in "Analysis and Synthesis Settings -> More Settings" to "Off".


+-----------------------------------------------------------------------------------------------------------+
; Parameter Settings for User Entity Instance: processing_element:row_gen[5].col_gen[0].PE|MAC:mac|qadd:add ;
+----------------+-------+----------------------------------------------------------------------------------+
; Parameter Name ; Value ; Type                                                                             ;
+----------------+-------+----------------------------------------------------------------------------------+
; Q              ; 10    ; Signed Integer                                                                   ;
; N              ; 32    ; Signed Integer                                                                   ;
+----------------+-------+----------------------------------------------------------------------------------+
Note: In order to hide this table in the UI and the text report file, please set the "Show Parameter Settings in Synthesis Report" option in "Analysis and Synthesis Settings -> More Settings" to "Off".


+------------------------------------------------------------------------------------------+
; Parameter Settings for User Entity Instance: processing_element:row_gen[5].col_gen[1].PE ;
+----------------+-------+-----------------------------------------------------------------+
; Parameter Name ; Value ; Type                                                            ;
+----------------+-------+-----------------------------------------------------------------+
; Q              ; 10    ; Signed Integer                                                  ;
; N              ; 32    ; Signed Integer                                                  ;
+----------------+-------+-----------------------------------------------------------------+
Note: In order to hide this table in the UI and the text report file, please set the "Show Parameter Settings in Synthesis Report" option in "Analysis and Synthesis Settings -> More Settings" to "Off".


+--------------------------------------------------------------------------------------------------+
; Parameter Settings for User Entity Instance: processing_element:row_gen[5].col_gen[1].PE|MAC:mac ;
+----------------+-------+-------------------------------------------------------------------------+
; Parameter Name ; Value ; Type                                                                    ;
+----------------+-------+-------------------------------------------------------------------------+
; Q              ; 10    ; Signed Integer                                                          ;
; N              ; 32    ; Signed Integer                                                          ;
+----------------+-------+-------------------------------------------------------------------------+
Note: In order to hide this table in the UI and the text report file, please set the "Show Parameter Settings in Synthesis Report" option in "Analysis and Synthesis Settings -> More Settings" to "Off".


+-------------------------------------------------------------------------------------------------------------+
; Parameter Settings for User Entity Instance: processing_element:row_gen[5].col_gen[1].PE|MAC:mac|qmult:mult ;
+----------------+-------+------------------------------------------------------------------------------------+
; Parameter Name ; Value ; Type                                                                               ;
+----------------+-------+------------------------------------------------------------------------------------+
; Q              ; 10    ; Signed Integer                                                                     ;
; N              ; 32    ; Signed Integer                                                                     ;
+----------------+-------+------------------------------------------------------------------------------------+
Note: In order to hide this table in the UI and the text report file, please set the "Show Parameter Settings in Synthesis Report" option in "Analysis and Synthesis Settings -> More Settings" to "Off".


+-----------------------------------------------------------------------------------------------------------+
; Parameter Settings for User Entity Instance: processing_element:row_gen[5].col_gen[1].PE|MAC:mac|qadd:add ;
+----------------+-------+----------------------------------------------------------------------------------+
; Parameter Name ; Value ; Type                                                                             ;
+----------------+-------+----------------------------------------------------------------------------------+
; Q              ; 10    ; Signed Integer                                                                   ;
; N              ; 32    ; Signed Integer                                                                   ;
+----------------+-------+----------------------------------------------------------------------------------+
Note: In order to hide this table in the UI and the text report file, please set the "Show Parameter Settings in Synthesis Report" option in "Analysis and Synthesis Settings -> More Settings" to "Off".


+------------------------------------------------------------------------------------------+
; Parameter Settings for User Entity Instance: processing_element:row_gen[5].col_gen[2].PE ;
+----------------+-------+-----------------------------------------------------------------+
; Parameter Name ; Value ; Type                                                            ;
+----------------+-------+-----------------------------------------------------------------+
; Q              ; 10    ; Signed Integer                                                  ;
; N              ; 32    ; Signed Integer                                                  ;
+----------------+-------+-----------------------------------------------------------------+
Note: In order to hide this table in the UI and the text report file, please set the "Show Parameter Settings in Synthesis Report" option in "Analysis and Synthesis Settings -> More Settings" to "Off".


+--------------------------------------------------------------------------------------------------+
; Parameter Settings for User Entity Instance: processing_element:row_gen[5].col_gen[2].PE|MAC:mac ;
+----------------+-------+-------------------------------------------------------------------------+
; Parameter Name ; Value ; Type                                                                    ;
+----------------+-------+-------------------------------------------------------------------------+
; Q              ; 10    ; Signed Integer                                                          ;
; N              ; 32    ; Signed Integer                                                          ;
+----------------+-------+-------------------------------------------------------------------------+
Note: In order to hide this table in the UI and the text report file, please set the "Show Parameter Settings in Synthesis Report" option in "Analysis and Synthesis Settings -> More Settings" to "Off".


+-------------------------------------------------------------------------------------------------------------+
; Parameter Settings for User Entity Instance: processing_element:row_gen[5].col_gen[2].PE|MAC:mac|qmult:mult ;
+----------------+-------+------------------------------------------------------------------------------------+
; Parameter Name ; Value ; Type                                                                               ;
+----------------+-------+------------------------------------------------------------------------------------+
; Q              ; 10    ; Signed Integer                                                                     ;
; N              ; 32    ; Signed Integer                                                                     ;
+----------------+-------+------------------------------------------------------------------------------------+
Note: In order to hide this table in the UI and the text report file, please set the "Show Parameter Settings in Synthesis Report" option in "Analysis and Synthesis Settings -> More Settings" to "Off".


+-----------------------------------------------------------------------------------------------------------+
; Parameter Settings for User Entity Instance: processing_element:row_gen[5].col_gen[2].PE|MAC:mac|qadd:add ;
+----------------+-------+----------------------------------------------------------------------------------+
; Parameter Name ; Value ; Type                                                                             ;
+----------------+-------+----------------------------------------------------------------------------------+
; Q              ; 10    ; Signed Integer                                                                   ;
; N              ; 32    ; Signed Integer                                                                   ;
+----------------+-------+----------------------------------------------------------------------------------+
Note: In order to hide this table in the UI and the text report file, please set the "Show Parameter Settings in Synthesis Report" option in "Analysis and Synthesis Settings -> More Settings" to "Off".


+------------------------------------------------------------------------------------------+
; Parameter Settings for User Entity Instance: processing_element:row_gen[5].col_gen[3].PE ;
+----------------+-------+-----------------------------------------------------------------+
; Parameter Name ; Value ; Type                                                            ;
+----------------+-------+-----------------------------------------------------------------+
; Q              ; 10    ; Signed Integer                                                  ;
; N              ; 32    ; Signed Integer                                                  ;
+----------------+-------+-----------------------------------------------------------------+
Note: In order to hide this table in the UI and the text report file, please set the "Show Parameter Settings in Synthesis Report" option in "Analysis and Synthesis Settings -> More Settings" to "Off".


+--------------------------------------------------------------------------------------------------+
; Parameter Settings for User Entity Instance: processing_element:row_gen[5].col_gen[3].PE|MAC:mac ;
+----------------+-------+-------------------------------------------------------------------------+
; Parameter Name ; Value ; Type                                                                    ;
+----------------+-------+-------------------------------------------------------------------------+
; Q              ; 10    ; Signed Integer                                                          ;
; N              ; 32    ; Signed Integer                                                          ;
+----------------+-------+-------------------------------------------------------------------------+
Note: In order to hide this table in the UI and the text report file, please set the "Show Parameter Settings in Synthesis Report" option in "Analysis and Synthesis Settings -> More Settings" to "Off".


+-------------------------------------------------------------------------------------------------------------+
; Parameter Settings for User Entity Instance: processing_element:row_gen[5].col_gen[3].PE|MAC:mac|qmult:mult ;
+----------------+-------+------------------------------------------------------------------------------------+
; Parameter Name ; Value ; Type                                                                               ;
+----------------+-------+------------------------------------------------------------------------------------+
; Q              ; 10    ; Signed Integer                                                                     ;
; N              ; 32    ; Signed Integer                                                                     ;
+----------------+-------+------------------------------------------------------------------------------------+
Note: In order to hide this table in the UI and the text report file, please set the "Show Parameter Settings in Synthesis Report" option in "Analysis and Synthesis Settings -> More Settings" to "Off".


+-----------------------------------------------------------------------------------------------------------+
; Parameter Settings for User Entity Instance: processing_element:row_gen[5].col_gen[3].PE|MAC:mac|qadd:add ;
+----------------+-------+----------------------------------------------------------------------------------+
; Parameter Name ; Value ; Type                                                                             ;
+----------------+-------+----------------------------------------------------------------------------------+
; Q              ; 10    ; Signed Integer                                                                   ;
; N              ; 32    ; Signed Integer                                                                   ;
+----------------+-------+----------------------------------------------------------------------------------+
Note: In order to hide this table in the UI and the text report file, please set the "Show Parameter Settings in Synthesis Report" option in "Analysis and Synthesis Settings -> More Settings" to "Off".


+------------------------------------------------------------------------------------------+
; Parameter Settings for User Entity Instance: processing_element:row_gen[5].col_gen[4].PE ;
+----------------+-------+-----------------------------------------------------------------+
; Parameter Name ; Value ; Type                                                            ;
+----------------+-------+-----------------------------------------------------------------+
; Q              ; 10    ; Signed Integer                                                  ;
; N              ; 32    ; Signed Integer                                                  ;
+----------------+-------+-----------------------------------------------------------------+
Note: In order to hide this table in the UI and the text report file, please set the "Show Parameter Settings in Synthesis Report" option in "Analysis and Synthesis Settings -> More Settings" to "Off".


+--------------------------------------------------------------------------------------------------+
; Parameter Settings for User Entity Instance: processing_element:row_gen[5].col_gen[4].PE|MAC:mac ;
+----------------+-------+-------------------------------------------------------------------------+
; Parameter Name ; Value ; Type                                                                    ;
+----------------+-------+-------------------------------------------------------------------------+
; Q              ; 10    ; Signed Integer                                                          ;
; N              ; 32    ; Signed Integer                                                          ;
+----------------+-------+-------------------------------------------------------------------------+
Note: In order to hide this table in the UI and the text report file, please set the "Show Parameter Settings in Synthesis Report" option in "Analysis and Synthesis Settings -> More Settings" to "Off".


+-------------------------------------------------------------------------------------------------------------+
; Parameter Settings for User Entity Instance: processing_element:row_gen[5].col_gen[4].PE|MAC:mac|qmult:mult ;
+----------------+-------+------------------------------------------------------------------------------------+
; Parameter Name ; Value ; Type                                                                               ;
+----------------+-------+------------------------------------------------------------------------------------+
; Q              ; 10    ; Signed Integer                                                                     ;
; N              ; 32    ; Signed Integer                                                                     ;
+----------------+-------+------------------------------------------------------------------------------------+
Note: In order to hide this table in the UI and the text report file, please set the "Show Parameter Settings in Synthesis Report" option in "Analysis and Synthesis Settings -> More Settings" to "Off".


+-----------------------------------------------------------------------------------------------------------+
; Parameter Settings for User Entity Instance: processing_element:row_gen[5].col_gen[4].PE|MAC:mac|qadd:add ;
+----------------+-------+----------------------------------------------------------------------------------+
; Parameter Name ; Value ; Type                                                                             ;
+----------------+-------+----------------------------------------------------------------------------------+
; Q              ; 10    ; Signed Integer                                                                   ;
; N              ; 32    ; Signed Integer                                                                   ;
+----------------+-------+----------------------------------------------------------------------------------+
Note: In order to hide this table in the UI and the text report file, please set the "Show Parameter Settings in Synthesis Report" option in "Analysis and Synthesis Settings -> More Settings" to "Off".


+------------------------------------------------------------------------------------------+
; Parameter Settings for User Entity Instance: processing_element:row_gen[5].col_gen[5].PE ;
+----------------+-------+-----------------------------------------------------------------+
; Parameter Name ; Value ; Type                                                            ;
+----------------+-------+-----------------------------------------------------------------+
; Q              ; 10    ; Signed Integer                                                  ;
; N              ; 32    ; Signed Integer                                                  ;
+----------------+-------+-----------------------------------------------------------------+
Note: In order to hide this table in the UI and the text report file, please set the "Show Parameter Settings in Synthesis Report" option in "Analysis and Synthesis Settings -> More Settings" to "Off".


+--------------------------------------------------------------------------------------------------+
; Parameter Settings for User Entity Instance: processing_element:row_gen[5].col_gen[5].PE|MAC:mac ;
+----------------+-------+-------------------------------------------------------------------------+
; Parameter Name ; Value ; Type                                                                    ;
+----------------+-------+-------------------------------------------------------------------------+
; Q              ; 10    ; Signed Integer                                                          ;
; N              ; 32    ; Signed Integer                                                          ;
+----------------+-------+-------------------------------------------------------------------------+
Note: In order to hide this table in the UI and the text report file, please set the "Show Parameter Settings in Synthesis Report" option in "Analysis and Synthesis Settings -> More Settings" to "Off".


+-------------------------------------------------------------------------------------------------------------+
; Parameter Settings for User Entity Instance: processing_element:row_gen[5].col_gen[5].PE|MAC:mac|qmult:mult ;
+----------------+-------+------------------------------------------------------------------------------------+
; Parameter Name ; Value ; Type                                                                               ;
+----------------+-------+------------------------------------------------------------------------------------+
; Q              ; 10    ; Signed Integer                                                                     ;
; N              ; 32    ; Signed Integer                                                                     ;
+----------------+-------+------------------------------------------------------------------------------------+
Note: In order to hide this table in the UI and the text report file, please set the "Show Parameter Settings in Synthesis Report" option in "Analysis and Synthesis Settings -> More Settings" to "Off".


+-----------------------------------------------------------------------------------------------------------+
; Parameter Settings for User Entity Instance: processing_element:row_gen[5].col_gen[5].PE|MAC:mac|qadd:add ;
+----------------+-------+----------------------------------------------------------------------------------+
; Parameter Name ; Value ; Type                                                                             ;
+----------------+-------+----------------------------------------------------------------------------------+
; Q              ; 10    ; Signed Integer                                                                   ;
; N              ; 32    ; Signed Integer                                                                   ;
+----------------+-------+----------------------------------------------------------------------------------+
Note: In order to hide this table in the UI and the text report file, please set the "Show Parameter Settings in Synthesis Report" option in "Analysis and Synthesis Settings -> More Settings" to "Off".


+----------------------------------------------------------------------------------------------------------------+
; Port Connectivity Checks: "processing_element:row_gen[0].col_gen[0].PE|MAC:mac"                                ;
+------+--------+----------+-------------------------------------------------------------------------------------+
; Port ; Type   ; Severity ; Details                                                                             ;
+------+--------+----------+-------------------------------------------------------------------------------------+
; ovr  ; Output ; Info     ; Connected to dangling logic. Logic that only feeds a dangling port will be removed. ;
+------+--------+----------+-------------------------------------------------------------------------------------+


+-----------------------------------------------------+
; Post-Synthesis Netlist Statistics for Top Partition ;
+-----------------------+-----------------------------+
; Type                  ; Count                       ;
+-----------------------+-----------------------------+
; arriav_ff             ; 4416                        ;
;     CLR               ; 36                          ;
;     ENA CLR           ; 3264                        ;
;     ENA CLR SLD       ; 1116                        ;
; arriav_lcell_comb     ; 7272                        ;
;     arith             ; 1944                        ;
;         2 data inputs ; 1944                        ;
;     normal            ; 3096                        ;
;         2 data inputs ; 432                         ;
;         3 data inputs ; 1152                        ;
;         4 data inputs ; 360                         ;
;         5 data inputs ; 36                          ;
;         6 data inputs ; 1116                        ;
;     shared            ; 2232                        ;
;         2 data inputs ; 2232                        ;
; arriav_mac            ; 108                         ;
; boundary_port         ; 1923                        ;
;                       ;                             ;
; Max LUT depth         ; 7.40                        ;
; Average LUT depth     ; 5.16                        ;
+-----------------------+-----------------------------+


+-------------------------------+
; Elapsed Time Per Partition    ;
+----------------+--------------+
; Partition Name ; Elapsed Time ;
+----------------+--------------+
; Top            ; 00:00:10     ;
+----------------+--------------+


+-------------------------------+
; Analysis & Synthesis Messages ;
+-------------------------------+
Info: *******************************************************************
Info: Running Quartus Prime Analysis & Synthesis
    Info: Version 23.1std.0 Build 991 11/28/2023 SC Lite Edition
    Info: Processing started: Wed Dec 25 06:51:40 2024
Info: Command: quartus_map --read_settings_files=on --write_settings_files=off systolic_array -c systolic_array
Warning (18236): Number of processors has not been specified which may cause overloading on shared machines.  Set the global assignment NUM_PARALLEL_PROCESSORS in your QSF to an appropriate value for best performance.
Info (20030): Parallel compilation is enabled and will use 16 of the 16 processors detected
Info (12021): Found 1 design units, including 1 entities, in source file systolic_array.sv
    Info (12023): Found entity 1: systolic_array File: /home/aaditya/Desktop/TPU/systolic_array.sv Line: 1
Info (12021): Found 1 design units, including 1 entities, in source file qmult.v
    Info (12023): Found entity 1: qmult File: /home/aaditya/Desktop/TPU/qmult.v Line: 21
Info (12021): Found 1 design units, including 1 entities, in source file qadd.v
    Info (12023): Found entity 1: qadd File: /home/aaditya/Desktop/TPU/qadd.v Line: 21
Info (12021): Found 1 design units, including 1 entities, in source file processing_element.sv
    Info (12023): Found entity 1: processing_element File: /home/aaditya/Desktop/TPU/processing_element.sv Line: 1
Info (12021): Found 1 design units, including 1 entities, in source file MAC.sv
    Info (12023): Found entity 1: MAC File: /home/aaditya/Desktop/TPU/MAC.sv Line: 1
Info (12127): Elaborating entity "systolic_array" for the top level hierarchy
Info (10008): Verilog HDL or VHDL information: EDA Netlist Writer cannot regroup multidimensional array "acc_sum" into its bus
Info (10008): Verilog HDL or VHDL information: EDA Netlist Writer cannot regroup multidimensional array "x_internal" into its bus
Info (10008): Verilog HDL or VHDL information: EDA Netlist Writer cannot regroup multidimensional array "y_internal" into its bus
Info (10008): Verilog HDL or VHDL information: EDA Netlist Writer cannot regroup multidimensional array "x_shift_regs" into its bus
Info (10008): Verilog HDL or VHDL information: EDA Netlist Writer cannot regroup multidimensional array "y_shift_regs" into its bus
Info (10008): Verilog HDL or VHDL information: EDA Netlist Writer cannot regroup multidimensional array "acc_sum" into its bus
Info (12128): Elaborating entity "processing_element" for hierarchy "processing_element:row_gen[0].col_gen[0].PE" File: /home/aaditya/Desktop/TPU/systolic_array.sv Line: 85
Info (12128): Elaborating entity "MAC" for hierarchy "processing_element:row_gen[0].col_gen[0].PE|MAC:mac" File: /home/aaditya/Desktop/TPU/processing_element.sv Line: 25
Info (12128): Elaborating entity "qmult" for hierarchy "processing_element:row_gen[0].col_gen[0].PE|MAC:mac|qmult:mult" File: /home/aaditya/Desktop/TPU/MAC.sv Line: 24
Warning (10235): Verilog HDL Always Construct warning at qmult.v(56): variable "i_multiplicand" is read inside the Always Construct but isn't in the Always Construct's Event Control File: /home/aaditya/Desktop/TPU/qmult.v Line: 56
Warning (10235): Verilog HDL Always Construct warning at qmult.v(56): variable "i_multiplier" is read inside the Always Construct but isn't in the Always Construct's Event Control File: /home/aaditya/Desktop/TPU/qmult.v Line: 56
Info (12128): Elaborating entity "qadd" for hierarchy "processing_element:row_gen[0].col_gen[0].PE|MAC:mac|qadd:add" File: /home/aaditya/Desktop/TPU/MAC.sv Line: 30
Info (286030): Timing-Driven Synthesis is running
Info (16010): Generating hard_block partition "hard_block:auto_generated_inst"
    Info (16011): Adding 0 node(s), including 0 DDIO, 0 PLL, 0 transceiver and 0 LCELL
Info (21057): Implemented 12567 device resources after synthesis - the final resource count might be different
    Info (21058): Implemented 387 input pins
    Info (21059): Implemented 1536 output pins
    Info (21061): Implemented 10536 logic cells
    Info (21062): Implemented 108 DSP elements
Info: Quartus Prime Analysis & Synthesis was successful. 0 errors, 3 warnings
    Info: Peak virtual memory: 715 megabytes
    Info: Processing ended: Wed Dec 25 06:52:00 2024
    Info: Elapsed time: 00:00:20
    Info: Total CPU time (on all processors): 00:00:32


